lccn,title,city,county,start_year,end_year,noc_issues,noc_first,noc_last,postable
sn90052355,The 124th infantry alligator.,Fort Benning,Muscogee,1941,9999,1,1942-06-10,1942-06-10,yes
sn89053135,The Abbeville chronicle.,Abbeville,Wilcox,1896,1953,120,1898-01-06,1901-09-26,yes
sn79002836,The Acworth neighbor.,Acworth,Cobb,1968,9999,0,,,no
sn88054069,The Acworth post.,Acworth,Cobb,1968,1968,0,,,no
sn89053362,The Adairsville banner.,Adairsville,Bartow,1898,9999,0,,,no
sn89053361,Adairsville ledger.,Adairsville,Bartow,1890,9999,0,,,no
sn88054040,The Adel news.,Adel,Berrien,1886,1983,86,1900-09-21,1904-11-18,yes
2008233466,The Advance.,Vidalia,Toombs,2003,9999,0,,,no
sn89053386,Advertiser and appeal.,Brunswick,Glynn,1882,1889,0,,,no
sn82014204,The Advertiser-republican.,Savannah,Chatham,1873,1874,2,1874-02-13,1874-02-14,yes
sn89053028,The advertiser.,Fort Gaines,Clay,1880,9999,64,1887-09-16,1890-10-29,yes
sn89053385,Advertiser.,Brunswick,Glynn,1875,1875,0,,,no
sn89053565,The advertiser.,Cleveland,White,1881,1999,30,1881-03-26,1881-12-17,yes
sn89053213,The Advocate-Democrat.,,Greene,1893,9999,258,1894-03-23,1906-09-21,yes
sn89053624,The Air-line eagle.,Gainesville,Hall,1860,1899,2,1861-04-04,1869-09-24,yes
sn90052146,The Alamo news.,Alamo,Wheeler,1912,1999,1,1912-06-14,1912-06-14,yes
sn90052342,Albany courier.,Albany,Dougherty,1840,1899,1,1847-05-08,1847-05-08,yes
sn87090005,The Albany daily herald.,Albany,Dougherty,1891,1909,0,,,no
sn82015435,The Albany news.,Albany,Dougherty,1860,1880,0,,,no
sn82014211,The Albany patriot.,,Baker,1845,1866,0,,,no
sn98062571,The Albany southwest Georgian.,Albany,Dougherty,1938,9999,0,,,no
sn89053578,The Albany tri-weekly news.,Albany,Dougherty,1867,1869,0,,,no
sn89053576,Albany weekly herald.,Albany,Dougherty,1892,1999,0,,,no
sn89053598,The Alma times.,Alma,Bacon,1913,1983,615,1915-03-19,1929-12-26,yes
sn89053707,The Alpharetta free press.,Alpharetta,Fulton,1880,1999,0,,,no
sn87091076,American advocate.,Louisville,Jefferson,1816,9999,33,1816-02-22,1816-11-28,yes
sn86053068,American Democrat.,Macon,Bibb,1843,1844,65,1843-05-17,1844-08-14,yes
sn85034288,The American patriot.,Savannah,Chatham,1812,1812,16,1812-04-14,1812-06-05,yes
sn91066195,American republic.,Macon,Bibb,1859,1899,1,1859-12-10,1859-12-10,yes
sn90052344,American standard.,Albany,Dougherty,1850,1899,2,1855-09-27,1855-11-08,yes
sn82014214,The American union.,Macon,Bibb,1848,1869,49,1851-12-25,1860-12-14,yes
sn89053081,The American union.,West Bowersville,Franklin,1885,1999,4,1885-01-03,1896-02-01,yes
sn90052269,The American union.,Macon,Bibb,1860,1873,5,1869-01-29,1872-07-04,yes
sn85027049,American Whig.,Griffin,Spalding,1846,1899,1,1848-05-25,1848-05-25,yes
sn89053201,Americus daily recorder.,Americus,Sumter,1884,1891,0,,,no
sn89053200,The Americus recorder tri-weekly.,Americus,Sumter,1879,1884,0,,,no
sn89053204,Americus times-recorder.,Americus,Sumter,1891,9999,4713,1901-01-05,1923-08-31,yes
sn89053207,Americus times-recorder.,Americus,Sumter,1891,1902,0,,,no
sn89053209,Americus times-recorder.,Americus,Sumter,1907,1910,0,,,no
sn89053451,Americus times-recorder.,Americus,Sumter,1917,1922,0,,,no
sn89053205,Americus weekly recorder.,Americus,Sumter,1800,1891,0,,,no
sn89053208,Americus weekly times-recorder.,Americus,Sumter,1902,1907,0,,,no
sn82014742,The Argus.,Savannah,Chatham,1828,1829,72,1828-05-30,1829-10-29,yes
sn90052379,The Argus.,Buena Vista,Marion,1875,1875,10,1875-09-24,1875-12-17,yes
sn89053953,Arlington advance.,Arlington,Calhoun,1879,1889,25,1879-12-05,1882-06-16,yes
sn85038494,Army and Navy herald.,Macon,Bibb,1863,1865,5,1865-02-09,1865-04-06,yes
sn87647289,Art papers.,Atlanta,Fulton,1981,9999,0,,,no
sn89053335,The Ashburn advance.,Ashburn,Turner,1800,1999,79,1897-07-16,1900-04-21,yes
sn98240343,The Athenaeum.,Atlanta,Fulton,1898,1925,0,,,no
sn85027027,The Athenian.,Athens,Clarke,1827,1832,260,1827-01-26,1832-03-13,yes
sn88054115,Athens banner-herald.,Athens,Clarke,1933,9999,0,,,no
sn86090957,The Athens banner.,Athens,Clarke,1880,1881,58,1880-06-15,1881-08-16,yes
sn88054098,The Athens banner.,Athens,Clarke,1902,1923,2408,1903-02-19,1923-02-10,yes
sn89053552,The Athens chronicle.,Athens,Clarke,1885,1889,2,1885-10-25,1888-05-19,yes
sn88054119,The Athens clipper.,Athens,Clarke,1888,1999,2,1901-08-31,1904-04-30,yes
sn89053946,The Athens daily banner.,Athens,Clarke,1879,1881,15,1880-01-23,1882-03-02,yes
sn89053947,Athens daily banner.,Athens,Clarke,1889,1902,374,1890-01-01,1902-11-23,yes
sn88054118,The Athens daily herald.,Athens,Clarke,1912,1923,1634,1913-07-01,1923-02-09,yes
sn89053553,The Athens evening chronicle.,Athens,Clarke,1888,1889,3,1889-10-01,1889-11-08,yes
sn89053550,Athens evening news.,Athens,Clarke,1890,1999,1,1895-06-19,1895-06-19,yes
sn87091082,Athens gazette.,Athens,Clarke,1814,1899,122,1814-02-17,1820-10-05,yes
2012233098,The Athens republique.,Athens,Clarke,1919,9999,0,,,no
sn88054111,The Athens weekly banner.,Athens,Clarke,1879,1880,25,1879-12-09,1880-06-08,yes
sn88054117,Athens weekly banner.,Athens,Clarke,1889,1891,80,1889-06-18,1891-06-16,yes
sn89053551,Athens weekly chronicle.,Athens,Clarke,1878,1885,3,1878-08-03,1882-05-27,yes
sn91074124,The Athens weekly chronicle.,Athens,Clarke,1880,1889,18,1889-04-06,1889-10-19,yes
sn85027041,The Athens weekly Georgian.,Athens,Clarke,1875,1877,117,1875-09-15,1877-12-25,yes
sn89053708,The Atlanta advance.,Atlanta,Fulton,1890,1999,0,,,no
sn82014241,Atlanta age.,Atlanta,Fulton,1898,1999,0,,,no
sn30633576,Atlanta art papers.,Atlanta,Fulton,1980,1980,0,,,no
sn30633562,Atlanta Art Workers Coalition newspaper.,Atlanta,Fulton,1978,1980,0,,,no
sn61372257,Atlanta barb,Atlanta,Fulton,1973,9999,0,,,no
sn89053709,The Atlanta commercial.,Atlanta,Fulton,1890,1999,1,1895-10-21,1895-10-21,yes
sn89053706,The Atlanta constitution.,Atlanta,Fulton,1885,1999,303,1885-11-17,1903-12-28,yes
sn85027105,Atlanta daily examiner.,Atlanta,Fulton,1854,1857,256,1854-12-18,1857-09-23,yes
sn85034215,The Atlanta daily herald.,Atlanta,Fulton,1872,1876,247,1873-05-02,1876-02-05,yes
sn89053737,The Atlanta daily intelligencer and examiner.,Atlanta,Fulton,1857,1858,131,1857-09-29,1858-03-09,yes
sn85027104,The Atlanta daily intelligencer.,Atlanta,Fulton,1854,1857,1,1856-04-29,1856-04-29,yes
sn82014287,Atlanta daily new era.,Atlanta,Fulton,1869,1871,705,1869-08-05,1871-12-31,yes
sn91099156,Atlanta daily post.,Atlanta,Fulton,1878,1880,3,1879-03-22,1880-08-03,yes
sn83026606,Atlanta daily register.,Atlanta,Fulton,1864,1864,3,1864-03-19,1864-04-03,yes
sn83016187,The Atlanta daily sun.,Atlanta,Fulton,1870,1873,640,1871-06-02,1873-06-24,yes
sn82015425,Atlanta daily world.,Atlanta,Fulton,1932,9999,0,,,no
sn89053711,The Atlanta evening capitol.,Atlanta,Fulton,1885,1999,43,1885-08-26,1887-08-11,yes
sn89053710,The Atlanta evening herald.,Atlanta,Fulton,1890,1899,0,,,no
sn89053728,Atlanta Georgian and news.,Atlanta,Fulton,1907,1912,763,1907-04-05,1911-11-16,yes
sn89053729,Atlanta Georgian.,Atlanta,Fulton,1912,1939,14185,1913-05-10,1920-03-19,yes
sn89053730,The Atlanta Georgian.,Atlanta,Fulton,1906,1907,74,1906-08-28,1906-12-19,yes
sn91099155,Atlanta independent.,Atlanta,Fulton,1872,1899,1,1872-05-09,1872-05-09,yes
sn88063050,The Atlanta inquirer.,Atlanta,Fulton,1960,9999,0,,,no
2023239337,Atlanta Intown.,Atlanta,Fulton,1998,9999,0,,,no
sn89053712,The Atlanta post-appeal.,Atlanta,Fulton,1880,1889,2,1882-02-10,1882-06-19,yes
sn86090947,Atlanta semi-weekly journal.,Atlanta,Fulton,1898,1920,567,1901-09-10,1918-12-31,yes
2023239325,Atlanta senior life.,Sandy Springs,Fulton,2016,2023,0,,,no
sn86090946,Atlanta telegram.,Atlanta,Fulton,1876,9999,4,1877-01-20,1877-01-26,yes
sn89053713,Atlanta tri-weekly journal.,Atlanta,Fulton,1920,1999,0,,,no
sn90052364,The Atlanta universalist.,Atlanta,Fulton,1880,1884,3,1881-04-06,1882-07-08,yes
sn89053704,Atlanta weekly constitution.,Atlanta,Fulton,1878,1881,148,1878-10-15,1881-09-06,yes
sn90052349,The Atlanta weekly examiner.,Atlanta,Fulton,1854,1857,61,1855-05-18,1856-07-24,yes
sn90052365,Atlanta weekly herald.,Atlanta,Fulton,1872,1876,2,1873-12-03,1874-09-02,yes
sn91099162,The Atlanta weekly intelligencer and Cherokee advocate.,Marietta,Cobb,1855,1899,16,1855-06-14,1855-09-28,yes
sn91074142,Atlanta weekly intelligencer.,Atlanta,Fulton,1850,1899,53,1858-10-14,1860-09-10,yes
sn91099161,The Atlanta weekly intelligencer.,Atlanta,Fulton,1840,1855,32,1854-10-28,1855-06-07,yes
sn90052113,The Atlanta weekly post.,Atlanta,Fulton,1878,1999,2,1880-11-27,1881-08-18,yes
sn85034216,The Atlanta whig.,Atlanta,Fulton,1870,1899,1,1872-09-12,1872-09-12,yes
sn85047544,Atlanta world.,Atlanta,Fulton,1920,1932,0,,,no
gua3072345,The Atlantian,Atlanta,Fulton,1900,9999,45,1911-04-01,1922-11-01,yes
sn90052253,Augusta advertiser.,Augusta,Richmond,1877,1877,1,1877-11-10,1877-11-10,yes
sn82014207,Augusta chronicle & Georgia gazette.,Augusta,Richmond,1821,1822,92,1821-10-15,1822-08-29,yes
sn90052047,Augusta chronicle & sentinel.,Augusta,Richmond,1837,1837,95,1837-01-03,1837-12-28,yes
sn82015220,The Augusta chronicle and gazette of the state.,Augusta,Richmond,1789,1806,812,1789-04-11,1806-04-12,yes
sn82014184,Augusta chronicle and Georgia advertiser.,Augusta,Richmond,1822,1831,872,1822-09-03,1831-02-19,yes
sn86053009,Augusta chronicle and Georgia advertiser.,Augusta,Richmond,1822,1831,18,1830-09-04,1831-02-26,yes
sn82014182,"Augusta chronicle, and Georgia gazette.",Augusta,Richmond,1817,1820,368,1817-08-20,1820-11-11,yes
sn82014185,Augusta chronicle.,Augusta,Richmond,1806,1817,517,1806-04-19,1817-08-16,yes
sn82014206,Augusta chronicle.,Augusta,Richmond,1820,1821,88,1820-11-13,1821-10-05,yes
sn82014208,Augusta chronicle.,Augusta,Richmond,1831,1836,276,1831-12-28,1836-12-31,yes
sn86053007,The Augusta constitutionalist.,Augusta,Richmond,1875,1877,415,1875-08-29,1877-03-08,yes
sn88071001,The Augusta courier.,Augusta,Richmond,1946,1974,0,,,no
sn89053973,The Augusta daily herald.,Augusta,Richmond,1908,1914,1011,1909-01-01,1914-03-03,yes
sn85038505,Augusta evening dispatch.,Augusta,Richmond,1857,1861,426,1858-01-20,1861-06-06,yes
sn83004595,Augusta focus.,Augusta,Richmond,1980,9999,0,,,no
sn82014178,Augusta herald.,Augusta,Richmond,1799,1822,649,1799-07-17,1821-12-28,yes
sn82014179,The Augusta herald.,Augusta,Richmond,1890,1908,677,1898-07-11,1908-09-10,yes
sn89053972,The Augusta herald.,Augusta,Richmond,1914,9999,3581,1914-03-18,1924-11-23,yes
sn89053971,Augusta mirror.,Augusta,Richmond,1838,1899,1,1840-10-17,1840-10-17,yes
sn88054027,The Augusta news-review.,Augusta,Richmond,1972,1985,0,,,no
sn83016240,The Augusta union.,Augusta,Richmond,1889,1999,0,,,no
sn90052016,Augusta Washingtonian.,Augusta,Richmond,1843,1845,104,1843-06-10,1845-07-12,yes
sn90052254,The Augusta weekly press.,Augusta,Richmond,1869,1899,1,1869-01-09,1869-01-09,yes
sn90052186,The Backwoodsman and Upson yeoman.,Thomaston,Upson,1834,1899,1,1834-07-30,1834-07-30,yes
sn85034393,The Bainbridge argus.,Bainbridge,Decatur,1856,1871,0,,,no
sn88054079,The Bainbridge democrat.,Bainbridge,Decatur,1800,9999,0,,,no
sn88054149,The Bainbridge search light.,Bainbridge,Decatur,1903,1915,0,,,no
sn85034008,The Bainbridge weekly democrat.,Bainbridge,Decatur,1872,1899,0,,,no
sn85034010,The Bainbridge weekly sun.,Bainbridge,Decatur,1872,9999,70,1872-07-27,1874-09-24,yes
sn90052232,The Baker County news.,Newton,Baker,1912,9999,0,,,no
2025239494,The Baldwin bulletin.,Milledgeville,Baldwin,0,9999,0,,,no
sn89053363,Banks County gazette.,Homer,Banks,1890,1897,86,1890-10-01,1897-02-18,yes
sn88054073,Banks County journal.,Homer,Banks,1897,9999,483,1897-08-12,1914-12-25,yes
sn90052391,The Banks County news.,Homer,Banks,1968,9999,0,,,no
sn90052166,Banks County observer.,Homer,Banks,1888,1889,31,1888-05-16,1888-12-19,yes
sn89053822,The Banner and Baptist.,Atlanta,Fulton,1860,1869,22,1862-05-10,1862-11-29,yes
sn87090572,The banner of the South and planters' journal.,Augusta,Richmond,1870,1899,11,1870-10-29,1872-06-22,yes
sn85034229,The banner of the South.,Augusta,Richmond,1868,1870,134,1868-03-21,1870-10-15,yes
sn88054099,The Banner-herald.,Athens,Clarke,1923,1933,1387,1923-02-11,1928-12-13,yes
sn89054000,The Banner-messenger.,Buchanan,Haralson,1891,1904,149,1891-01-08,1900-11-29,yes
sn88054100,The Banner-Watchman.,Athens,Clarke,1882,1886,191,1882-04-06,1886-02-02,yes
sn88054102,Banner-watchman.,Athens,Clarke,1887,1889,22,1887-10-29,1889-05-19,yes
sn89053377,The banner-watchman.,Athens,Clarke,1884,1886,26,1884-08-17,1886-01-28,yes
sn89053823,The Baptist banner.,Atlanta,Fulton,1860,1999,52,1862-12-06,1863-12-25,yes
sn25739048,The Baptist reporter.,Guyton,Effingham,1800,9999,1,1888-08-15,1888-08-15,yes
sn89053626,The Baptist sun.,Gainesville,Hall,1887,1999,0,,,no
sn93024003,The Barb.,Atlanta,Fulton,1970,1979,0,,,no
sn89053227,The Barnesville gazette.,Barnesville,Lamar,1870,1899,286,1878-02-07,1899-07-13,yes
sn89053226,The Barnesville news-gazette.,Barnesville,Lamar,1890,1941,627,1902-02-06,1925-03-26,yes
sn85034006,The Barnesville weekly gazette.,Barnesville,Lamar,1860,1879,3,1869-08-12,1869-10-28,yes
2014233435,Barrow journal.,Winder,Barrow,2008,2016,0,,,no
2021241459,Barrow news-journal.,Winder,Barrow,2016,9999,0,,,no
sn89053010,The Barrow times.,Winder,Barrow,1900,1921,107,1919-01-16,1921-02-24,yes
sn89053396,The Bartow tribune.,Cartersville,Bartow,1910,1917,92,1914-01-01,1917-01-04,yes
sn89053395,The Bartow tribune. The Cartersville news.,Cartersville,Bartow,1917,1924,328,1917-04-05,1923-08-30,yes
sn89053376,The bee.,Forsyth,Monroe,1848,1999,1,1849-10-17,1849-10-17,yes
sn91099126,The bee.,Savannah,Chatham,1865,1899,2,1865-03-25,1865-04-01,yes
sn85027026,Berrien County news.,Alapaha,Berrien,1875,1886,2,1877-05-19,1881-07-02,yes
sn24978994,Bethesda news.,Savannah,Chatham,1900,9999,4,1947-02-01,1949-02-01,yes
sn89053605,Blackshear news.,Blackshear,Pierce,1878,1899,148,1878-10-31,1882-04-06,yes
sn90052009,The Blackshear times.,Blackshear,Pierce,1876,9999,311,1889-10-10,1901-11-28,yes
sn90052032,Blairsville free press.,Blairsville,Union,1896,1999,0,,,no
sn89053351,The Blairsville herald.,Blairsville,Union,1892,9999,4,1892-07-19,1902-11-14,yes
sn89053846,The Blue Ridge post.,Blue Ridge,Fannin,1800,1999,1,1913-11-20,1913-11-20,yes
sn81308021,The BluePrint.,Atlanta,Fulton,2013,9999,0,,,no
sn91099157,The Bogart news.,Bogart,Oconee,1896,1999,2,1897-07-23,1897-07-30,yes
sn89053102,The Brantley Countian.,Nahunta,Brantley,1925,1926,86,1925-05-07,1926-12-30,yes
sn89053103,The Brantley enterprise.,Nahunta,Brantley,1927,2014,2290,1927-01-06,1973-03-29,yes
2014233574,The Braselton news.,Braselton,Barrow,2006,9999,0,,,no
2023239316,Brookhaven reporter.,Brookhaven,DeKalb,2000,9999,0,,,no
sn87090017,Brunswick advertiser and appeal.,Brunswick,Glynn,1881,1881,0,,,no
sn87090016,Brunswick advertiser.,Brunswick,Glynn,1875,1881,0,,,no
sn82014176,Brunswick advocate.,Brunswick,Glynn,1837,1839,103,1837-06-08,1839-06-01,yes
sn90052418,Brunswick advocate.,Brunswick,Glynn,1860,1899,1,1861-02-27,1861-02-27,yes
sn87090010,The Brunswick appeal.,Brunswick,Glynn,1879,1881,2,1879-11-20,1879-12-09,yes
sn90052142,The Brunswick daily news.,Brunswick,Glynn,1903,1906,286,1903-05-13,1906-09-22,yes
sn90052141,The Brunswick news.,Brunswick,Glynn,1901,1903,147,1902-01-24,1902-11-27,yes
sn90052143,The Brunswick news.,Brunswick,Glynn,1906,2016,3179,1907-04-05,1932-11-16,yes
sn90052411,The Brunswick times-call.,Brunswick,Glynn,1900,1902,277,1900-09-14,1901-11-28,yes
sn90052410,The Brunswick times.,Brunswick,Glynn,1890,1900,253,1889-07-05,1900-07-18,yes
sn89053388,Brunswick weekly advertiser.,Brunswick,Glynn,1889,1899,0,,,no
sn90052238,The Bryan County enterprise.,Pembroke,Bryan,1920,1927,31,1924-05-17,1927-06-18,yes
2023239315,Buckhead reporter.,Atlanta,Fulton,2007,9999,0,,,no
sn85027045,The Buena Vista Argus.,Buena Vista,Marion,1875,1881,207,1876-01-07,1881-03-26,yes
gua1449731,The bulletin of the Catholic Laymen's Association of Georgia.,Savannah,Chatham,1920,1957,16,1920-01-01,1921-11-01,yes
sn89053491,The bulletin.,Irwinton,Wilkinson,1910,1999,322,1912-02-02,1922-12-22,yes
sn89053587,The Bulloch County banner.,Statesboro,Bulloch,1891,1894,0,,,no
sn89053589,The Bulloch herald.,Statesboro,Bulloch,1899,1901,15,1899-03-09,1901-01-18,yes
sn89053596,Bulloch times.,Statesboro,Bulloch,1893,1917,45,1893-07-27,1898-10-07,yes
sn90052340,The Business circular.,Savannah,Chatham,1867,1899,1,1867-04-13,1867-04-13,yes
sn85027046,The Butler herald.,Butler,Taylor,1875,1962,0,,,no
sn89053018,The Butts County progress.,Jackson,Butts,1800,1915,216,1907-11-01,1915-07-02,yes
sn89053235,The Cairo messenger.,Cairo,Grady,1904,9999,2030,1904-01-15,1950-02-24,yes
sn89053958,The Calhoun County courier.,Leary,Calhoun,1882,1946,279,1882-07-28,1902-01-30,yes
sn91099114,Calhoun Saturday times.,Calhoun,Gordon,1877,1878,50,1877-01-06,1877-12-15,yes
sn91099115,Calhoun times.,Calhoun,Gordon,1876,1876,50,1876-01-05,1876-12-30,yes
sn91099116,Calhoun weekly times.,Calhoun,Gordon,1873,1875,227,1870-08-26,1875-12-29,yes
sn90052249,The Camilla enterprise.,Camilla,Mitchell,1902,9999,854,1904-01-22,1926-01-29,yes
sn38019897,The Campus mirror.,Atlanta,Fulton,1924,1999,0,,,no
sn89053076,Carnesville advance.,Carnesville,Franklin,1899,1919,131,1899-06-23,1917-12-07,yes
sn89053083,The Carnesville tribune.,Carnesville,Franklin,1890,1999,53,1891-01-05,1894-07-04,yes
sn85034016,The Carroll County times.,Carrollton,Carroll,1872,1948,581,1872-01-05,1895-06-21,yes
sn89053126,The Carroll free press.,Carrollton,Carroll,1883,1948,0,,,no
sn89053834,The Carrollton advocate.,Carrollton,Carroll,1860,1861,4,1860-10-05,1861-02-15,yes
sn88054140,The Cartersville American.,Cartersville,Bartow,1882,1886,141,1882-09-19,1886-12-29,yes
sn88054138,The Cartersville courant-American.,Cartersville,Bartow,1888,1889,52,1888-08-02,1889-11-14,yes
sn88054141,The Cartersville courant.,Cartersville,Bartow,1885,1886,59,1885-02-05,1886-12-30,yes
2010233158,The Cartersville express.,Cartersville,Bartow,1800,1899,1,1860-08-17,1860-08-17,yes
sn85027043,The Cartersville express.,Cartersville,Bartow,1875,1899,283,1875-12-02,1889-10-17,yes
sn85034017,The Cartersville express.,Cartersville,Bartow,1867,1870,150,1867-04-19,1870-06-02,yes
sn88054131,Cartersville express. Semi-weekly.,Cartersville,Bartow,1870,1871,40,1870-08-04,1871-02-24,yes
sn88054134,The Cartersville news.,Cartersville,Bartow,1904,1917,296,1904-10-13,1917-03-29,yes
sn88054130,The Cartersville semi-weekly express.,Cartersville,Bartow,1871,1871,65,1871-02-28,1871-10-31,yes
sn89053364,The Cartersville sentinel.,Cartersville,Bartow,1874,1879,1,1874-04-01,1874-04-01,yes
sn88054132,The Cartersville weekly express.,Cartersville,Bartow,1870,1870,8,1870-06-09,1870-07-28,yes
2020233304,Cassville gazette.,Cassville,Bartow,1830,9999,1,1835-04-14,1835-04-14,yes
sn89053357,The Cassville standard.,Cassville,Bartow,1800,1999,40,1855-02-09,1857-01-01,yes
sn88054032,Cedartown advertiser.,,Haralson,1878,1889,0,,,no
sn85027037,The Cedartown express.,,Haralson,1874,1879,0,,,no
sn85027038,The Cedartown record.,Cave Spring,Floyd,1874,1879,0,,,no
sn88054033,The Cedartown standard.,Cedartown,Polk,1889,1946,0,,,no
sn85034105,The central Georgian.,Sandersville,Washington,1847,1874,804,1852-01-27,1870-12-21,yes
00211074,The champion newspaper.,Decatur,DeKalb,1900,9999,0,,,no
sn89053641,Charlton County herald.,Folkston,Charlton,1898,9999,780,1908-03-26,1928-12-07,yes
sn89053520,The Chattooga advertiser.,Summerville,Chattooga,1871,1999,11,1871-06-15,1872-08-23,yes
sn89053932,The Chattooga news.,Summerville,Chattooga,1887,1896,154,1888-01-06,1896-10-07,yes
sn87090231,The Cherokee advance.,Canton,Cherokee,1880,1999,2,1880-07-29,1898-12-16,yes
sn22213227,Cherokee advocate.,Marietta,Cobb,1800,9999,1,1848-09-12,1848-09-12,yes
2020233238,The Cherokee agriculturist : and patron of husbandry.,Dalton,Whitfield,1875,9999,1,1875-08-01,1875-08-01,yes
sn85027032,The Cherokee Georgian.,Canton,Cherokee,1875,1899,39,1875-08-04,1876-09-27,yes
sn91074163,The Cherokee Georgian.,Dalton,Whitfield,1865,9999,2,1867-01-11,1867-05-24,yes
2019233479,Cherokee intelligencer.,Canton,Cherokee,1833,1834,38,1833-02-16,1834-03-15,yes
sn83020874,"Cherokee phoenix, and Indians' advocate.",Echota,Gordon,1829,1834,206,1829-02-11,1834-05-17,yes
sn83020866,Cherokee phoenix.,Echota,Gordon,1828,1829,47,1828-02-21,1829-02-04,yes
2001233947,Christian index and South-western Baptist.,Atlanta,Fulton,1866,1871,110,1867-01-03,1871-12-14,yes
2001233949,The Christian index and southern Baptist.,Atlanta,Fulton,1881,1892,44,1881-01-27,1892-04-28,yes
2001233946,The Christian index.,Washington,Wilkes,1835,1866,245,1833-09-21,1866-01-06,yes
2001233948,The Christian index.,Atlanta,Fulton,1872,1881,190,1875-02-11,1881-01-20,yes
sn82007349,The Christian index.,Atlanta,Fulton,1892,9999,93,1892-05-05,1897-01-28,yes
sn90052044,Chronicle & sentinel.,Augusta,Richmond,1864,1866,81,1864-08-10,1866-04-25,yes
sn90052046,Chronicle & sentinel.,Augusta,Richmond,1838,1838,259,1838-01-04,1839-09-26,yes
sn39724533,Clark Atlanta University Panther.,Atlanta,Fulton,1989,9999,0,,,no
sn91099153,The Clarke County courier.,Athens,Clarke,1000,1999,11,1904-08-26,1912-12-14,yes
sn91099148,Claxton enterprise.,Claxton,Evans,1989,9999,0,,,no
sn89053030,Clay County reformer.,Fort Gaines,Clay,1894,9999,8,1894-06-01,1894-10-19,yes
sn89053526,Clayton County news and farmer.,Jonesboro,Clayton,1928,1955,0,,,no
sn89053095,The Clayton tribune.,Clayton,Rabun,1800,9999,0,,,no
sn89053566,The Cleveland advertiser.,Cleveland,White,1880,1881,38,1880-01-24,1881-02-12,yes
sn89053826,Cleveland courier.,Cleveland,White,1896,1975,504,1896-12-18,1928-10-19,yes
sn88054127,The Cleveland progress.,Cleveland,White,1892,1896,0,,,no
sn90052126,Clinch County news.,Homerville,Clinch,1897,1932,94,1899-01-06,1911-04-07,yes
sn89053241,The Coastal courier.,Hinesville,Liberty,1980,9999,0,,,no
sn82014941,Cobb County times.,Marietta,Cobb,1916,9999,0,,,no
sn89053041,The Cochran journal.,Cochran,Bleckley,1900,9999,85,1910-04-28,1913-12-18,yes
sn90052115,Coffee County gazette.,Pearson,Atkinson,1800,1905,2,1880-09-10,1881-02-05,yes
sn88063051,The Coffee County progress.,Douglas,Coffee,1913,9999,317,1913-10-31,1925-10-29,yes
sn82014351,The colored American.,Augusta,Richmond,1865,1866,0,,,no
sn82016225,The Colored tribune.,Savannah,Chatham,1875,1876,3,1876-03-25,1876-04-22,yes
sn90052332,Columbia advertiser.,Harlem,Columbia,1880,1899,53,1881-01-25,1882-03-07,yes
sn90052199,The Columbia sentinel.,,Columbia,1882,1924,328,1885-04-09,1923-11-12,yes
sn87091100,Columbian centinel.,Augusta,Richmond,1800,9999,73,1806-08-02,1809-12-23,yes
sn82014741,Columbian museum & Savannah advertiser.,Savannah,Chatham,1796,1819,571,1796-03-08,1817-07-24,yes
sn89053732,Columbian museum and Savannah commercial advertiser.,Savannah,Chatham,1810,1817,1,1817-01-24,1817-01-24,yes
sn82014740,Columbian museum and Savannah daily gazette.,Savannah,Chatham,1817,1821,33,1817-07-12,1819-12-30,yes
sn91099117,The Columbus amateur.,Columbus,Muscogee,1876,1899,1,1876-10-13,1876-10-13,yes
sn83016189,Columbus chronicle.,Columbus,Muscogee,1895,1900,0,,,no
sn84024797,Columbus daily enquirer.,Columbus,Muscogee,1874,1877,1,1874-08-30,1874-08-30,yes
sn82015388,Columbus daily times.,Columbus,Muscogee,1858,1864,1033,1858-09-01,1864-02-26,yes
sn89053815,Columbus daily times.,Columbus,Muscogee,1876,1885,1548,1876-10-15,1882-04-29,yes
sn84024795,The Columbus enquirer tri-weekly.,Columbus,Muscogee,1855,1858,1,1857-03-05,1857-03-05,yes
sn84024799,Columbus enquirer-sun.,Columbus,Muscogee,1886,1893,1330,1886-05-09,1890-12-31,yes
sn82014931,Columbus enquirer.,Columbus,Muscogee,1828,1861,1437,1828-05-29,1861-01-15,yes
sn89053812,Columbus sentinel and herald.,Columbus,Muscogee,1830,1841,142,1838-01-04,1841-02-03,yes
sn91074159,Columbus sentinel.,Columbus,Muscogee,1800,1839,1,1837-06-22,1837-06-22,yes
sn82014935,The Columbus times.,Columbus,Muscogee,1841,1859,174,1845-12-31,1851-02-25,yes
sn86053047,Columbus times.,Columbus,Muscogee,1864,1865,286,1864-02-29,1865-04-16,yes
sn85034034,The Columbus weekly times.,Columbus,Muscogee,1858,1865,114,1859-01-03,1861-05-13,yes
sn89053824,The Commerce news.,Commerce,Jackson,1000,9999,1,1908-03-26,1908-03-26,yes
sn89053861,Common sense.,Odum,Wayne,1916,9999,1,1918-01-29,1918-01-29,yes
sn85027109,The commonwealth.,Atlanta,Fulton,1861,1862,3,1861-03-14,1862-08-16,yes
2025239515,Community enterprise.,Macon,Bibb,0,9999,0,,,no
sn85034083,The Confederate union.,Milledgeville,Baldwin,1862,1865,0,,,no
sn89053750,The constitution.,Atlanta,Fulton,1884,1885,74,1884-02-26,1885-11-10,yes
sn90052017,Constitutionalist and republic.,Augusta,Richmond,1851,1899,0,,,no
sn84025807,The constitutionalist.,Augusta,Richmond,1823,1832,653,1825-01-04,1832-06-12,yes
sn77641776,Contemporary art/southeast.,Atlanta,Fulton,1977,1980,0,,,no
sn89053742,Conyers courier.,Conyers,Rockdale,1876,1899,6,1876-07-08,1878-02-02,yes
sn89053680,The Conyers examiner.,Conyers,Rockdale,1878,1999,250,1878-02-23,1883-04-03,yes
sn89053675,Conyers weekly-banner.,Conyers,Rockdale,1901,1907,21,1901-08-09,1902-06-06,yes
sn89053670,The Conyers weekly.,Conyers,Rockdale,1800,1888,198,1883-04-13,1888-10-05,yes
sn89053674,Conyers weekly.,Conyers,Rockdale,1895,1901,164,1895-05-11,1901-04-27,yes
2022239699,Cordele daily sentinel.,Cordele,Crisp,1900,1920,2,1920-05-20,1920-05-27,yes
2022239691,The Cordele dispatch and daily sentinel.,Cordele,Crisp,1920,1926,1668,1920-06-02,1926-04-07,yes
2022239700,The Cordele dispatch.,Cordele,Crisp,1926,1971,527,1926-04-08,1927-12-14,yes
sn89053138,The Cordele dispatch.,Cordele,Crisp,1900,1971,906,1916-01-05,1920-05-26,yes
sn89053092,The Cordele sentinel.,Cordele,Crisp,1894,9999,86,1899-03-31,1902-02-14,yes
sn86053050,The corner stone.,Columbus,Muscogee,1853,1869,86,1853-05-05,1861-01-01,yes
sn89053113,The correspondent.,Knoxville,Crawford,1892,1909,121,1893-07-22,1902-07-11,yes
sn86077124,The countryman.,Turnwold,Putnam,1862,1866,0,,,no
sn88054137,The Courant-American.,Cartersville,Bartow,1889,1901,307,1889-11-21,1901-02-28,yes
sn88054139,The Courant-American.,Cartersville,Bartow,1887,1888,73,1887-01-13,1888-07-26,yes
sn89053242,The Courier-sentinel.,Ellijay,Gilmer,1800,1999,6,1898-04-28,1899-06-08,yes
sn90052357,The Covington herald.,Covington,Newton,1835,1899,0,,,no
sn89053257,The Covington news.,Covington,Newton,1908,9999,1474,1909-01-06,1942-08-27,yes
sn85027048,The Covington star.,Covington,Newton,1874,1902,411,1885-03-04,1902-02-04,yes
sn89053112,The Crawford County correspondent.,Roberta,Crawford,1892,1892,0,,,no
sn89053111,The Crawford County herald.,Knoxville,Crawford,1890,1899,74,1890-02-20,1892-07-15,yes
sn89053212,Crawfordville advocate.,Crawfordville,Taliaferro,1890,1999,21,1895-05-10,1896-03-20,yes
sn89053090,Crawfordville democrat.,Crawfordville,Taliaferro,1881,1893,401,1881-11-19,1892-07-08,yes
sn90052121,The Crusader.,Savannah,Chatham,1963,9999,0,,,no
sn85034045,The Cuthbert appeal.,Cuthbert,Randolph,1866,1884,0,,,no
sn88054004,Cuthbert enterprise and appeal.,Cuthbert,Randolph,1800,1888,0,,,no
sn88054000,Cuthbert reporter.,Cuthbert,Randolph,1856,9999,14,1856-08-16,1860-03-23,yes
sn88054001,Cuthbert weekly appeal.,Cuthbert,Randolph,1800,9999,172,1869-11-11,1877-12-21,yes
sn89053968,Dade County gazette.,Rising Fawn,Dade,1878,1882,102,1879-01-09,1882-11-30,yes
sn89053985,Dade County news.,Trenton,Dade,1888,1889,26,1888-06-08,1888-12-21,yes
sn89053748,Dade County sentinel.,Trenton,Dade,1901,1908,167,1901-11-08,1908-04-17,yes
sn89053747,The Dade County times.,Trenton,Dade,1908,1965,201,1908-04-24,1928-12-13,yes
sn89053984,Dade County weekly times.,Rising Fawn,Dade,1884,1888,161,1884-03-05,1888-03-16,yes
sn89053986,The Dade County weekly times.,Trenton,Dade,1889,1889,26,1889-03-08,1889-12-28,yes
sn88061212,The Dahlonega nugget.,Dahlonega,Lumpkin,1890,9999,0,,,no
sn89053248,The Dahlonega watchman.,Dahlonega,Lumpkin,1840,1999,1,1846-12-31,1846-12-31,yes
sn89053965,Daily advertiser-appeal.,Brunswick,Glynn,1880,1889,0,,,no
sn89053938,The Daily argus.,Dalton,Whitfield,1909,9999,1,1911-03-31,1911-03-31,yes
sn89053738,Daily Atlanta intelligencer.,Atlanta,Fulton,1868,1871,549,1868-10-11,1871-04-28,yes
sn89053378,The Daily banner-watchman.,Athens,Clarke,1886,1887,24,1886-06-24,1887-09-21,yes
sn90052359,The Daily bulletin.,LaGrange,Troup,1862,1899,1,1864-03-29,1864-03-29,yes
sn82014371,The daily Chattanooga rebel.,Selma,Dallas,1864,1865,0,,,no
sn82015215,Daily chronicle & sentinel.,Augusta,Richmond,1837,1876,5922,1840-01-06,1860-12-30,yes
2022239670,Daily citizen-news,Dalton,Whitfield,2017,2022,0,,,no
2004233851,The daily citizen.,Dalton,Whitfield,1999,2017,0,,,no
sn90052335,The daily citizen.,Macon,Bibb,1857,1857,9,1857-05-07,1857-10-03,yes
sn84024796,Daily Columbus enquirer.,Columbus,Muscogee,1858,1873,0,,,no
sn85034100,Daily commercial.,Rome,Floyd,1865,1876,2,1872-09-04,1874-12-10,yes
sn90052066,The daily commonwealth.,Atlanta,Fulton,1860,1899,1,1863-05-08,1863-05-08,yes
sn85034437,The Daily constitutionalist and republic.,Augusta,Richmond,1851,1859,258,1853-07-01,1854-12-30,yes
sn87090234,The daily constitutionalist.,Augusta,Richmond,1850,1875,2842,1856-01-01,1875-08-28,yes
sn90052029,Daily constitutionalist.,Augusta,Richmond,1846,1851,1036,1847-01-01,1851-06-29,yes
sn91099134,The daily dispatch.,Savannah,Chatham,1893,1899,11,1894-04-28,1894-06-23,yes
sn90052190,The Daily evening mirror.,Macon,Bibb,1866,1866,2,1866-01-19,1866-01-22,yes
sn84025793,The Daily evening news.,Macon,Bibb,1865,1865,1,1865-04-25,1865-04-25,yes
sn90052080,The daily gazette.,Barnesville,Lamar,1880,1899,2,1884-03-14,1884-03-15,yes
sn90052336,The daily Georgia citizen.,Macon,Bibb,1859,1861,1,1859-09-03,1859-09-03,yes
sn83016088,The daily Georgian.,Savannah,Chatham,1835,1847,1379,1835-12-25,1847-10-18,yes
sn82014304,The daily intelligencer.,Macon,Bibb,1858,1868,676,1860-07-02,1868-07-23,yes
sn82015434,Daily journal and messenger.,Macon,Bibb,1867,1869,14,1867-08-10,1869-07-08,yes
sn87060121,Daily journal and messenger.,Macon,Bibb,1800,1865,18,1865-03-29,1865-09-08,yes
sn91099179,The Daily locomotive.,Atlanta,Fulton,1860,1899,1,1860-09-08,1860-09-08,yes
sn90052028,The Daily loyal Georgian.,Augusta,Richmond,1867,1869,30,1867-06-01,1867-07-28,yes
sn82015886,Daily morning news.,Savannah,Chatham,1850,1864,0,,,no
sn85034441,The daily new era.,Atlanta,Fulton,1865,1869,446,1865-08-13,1869-04-29,yes
sn85026946,The Daily news and herald.,Savannah,Chatham,1866,1868,0,,,no
sn89053694,The daily opinion.,Atlanta,Fulton,1867,1868,34,1867-08-29,1868-02-15,yes
sn82015884,Daily press.,Augusta,Richmond,1866,1867,383,1866-01-21,1867-07-27,yes
sn89053715,The daily press.,Atlanta,Fulton,1894,1999,3,1894-07-04,1894-10-04,yes
sn82014915,The daily register.,Augusta,Richmond,1864,1865,8,1864-09-16,1864-12-06,yes
sn82014392,Daily republican.,Savannah,Chatham,1839,1840,293,1839-11-04,1840-10-24,yes
sn87062328,Daily Savannah republican.,Savannah,Chatham,1829,1839,2565,1829-10-19,1839-11-02,yes
sn89053175,Daily Southern herald.,Griffin,Spalding,1866,1999,50,1866-09-04,1866-12-19,yes
sn89053695,Daily southern opinion.,Atlanta,Fulton,1860,1999,5,1868-05-16,1868-05-27,yes
sn85038487,Daily southern recorder.,Milledgeville,Baldwin,1859,1899,0,,,no
sn82014939,The daily sun.,Columbus,Muscogee,1855,1873,5324,1856-01-24,1873-12-31,yes
sn89053319,Daily telegraph and messenger.,Macon,Bibb,1873,1873,33,1873-08-31,1873-10-08,yes
sn89053685,The daily telegraph.,Savannah,Chatham,1840,1840,6,1840-05-20,1840-11-03,yes
sn88054087,The Daily times-enterprise.,Thomasville,Thomas,1889,1925,0,,,no
sn90052397,The daily times.,Columbus,Muscogee,1875,1876,487,1875-01-01,1876-10-14,yes
sn82014215,The Daily tribune.,Rome,Floyd,1879,1999,3,1880-07-10,1880-07-13,yes
sn90052014,Daily true democrat.,Augusta,Richmond,1860,1899,5,1860-11-17,1860-12-16,yes
sn84007268,The Dallas new era.,Dallas,Paulding,1898,9999,0,,,no
sn89053937,The Dalton argus.,Dalton,Whitfield,1800,9999,732,1882-05-27,1911-11-16,yes
2026233607,Dalton daily citizen.,Dalton,Whitfield,2022,9999,0,,,no
2020233239,The Dalton enterprise.,Dalton,Whitfield,1874,1877,1,1875-07-06,1875-07-06,yes
sn89053317,The Danielsville monitor.,Danielsville,Madison,1882,2005,1047,1894-05-18,1925-06-05,yes
sn82015213,Darien gazette.,Darien,McIntosh,1818,1828,238,1818-11-02,1828-09-02,yes
sn85027066,Darien timber gazette.,Darien,McIntosh,1874,1893,308,1874-04-25,1880-06-25,yes
2023239335,Dawson County news.,Dawsonville,Dawson,2015,9999,0,,,no
sn89053286,The Dawson journal.,Dawson,Terrell,1866,1868,82,1866-12-07,1868-08-06,yes
sn89053287,The Dawson journal.,Dawson,Terrell,1878,1899,437,1878-05-30,1887-04-28,yes
sn89053283,The Dawson news.,Dawson,Terrell,1889,9999,1356,1889-03-13,1925-12-29,yes
sn85027068,The Dawson weekly journal.,Dawson,Terrell,1866,1866,0,,,no
sn89053285,The Dawson weekly journal.,Dawson,Terrell,1868,1878,353,1871-07-06,1878-05-23,yes
sn89053036,The Defender.,Fort Gaines,Clay,1918,9999,1,1918-07-01,1918-07-01,yes
sn91074174,The DeKalb news.,Decatur,DeKalb,1876,1885,1,1884-04-24,1884-04-24,yes
sn89053088,The democrat.,Crawfordville,Taliaferro,1877,1881,142,1877-02-16,1881-11-12,yes
sn89053813,The Democrat.,Columbus,Muscogee,1830,1899,98,1830-10-16,1832-10-06,yes
sn89053835,Democratic platform.,Calhoun,Gordon,1850,1999,1,1859-09-08,1859-09-08,yes
sn88054062,The Demorest times.,Demorest,Habersham,1890,1894,9,1892-06-03,1894-10-05,yes
sn89053663,The dispatch.,Ocilla,Irwin,1896,1899,6,1899-02-03,1899-03-10,yes
sn89053056,The Dodge County journal.,Eastman,Dodge,1882,1888,48,1887-01-05,1887-12-22,yes
sn91099133,The dollar news.,Savannah,Chatham,1854,1899,2,1855-09-22,1855-10-06,yes
sn89053230,Donalsonville news.,Donalsonville,Seminole,1916,9999,0,,,no
sn89053044,The Douglas breeze.,Douglas,Coffee,1800,1909,70,1895-06-14,1902-07-19,yes
sn90052245,Douglas County news.,Douglasville,Douglas,1926,1999,0,,,no
sn89053042,The Douglas enterprise.,Douglas,Coffee,1905,9999,637,1905-10-07,1924-12-26,yes
sn89053043,Douglas weekly breeze.,Douglas,Coffee,1900,1905,15,1903-12-19,1904-10-15,yes
2024239305,The Douglasville medium.,Douglasville,Douglas,1870,9999,0,,,no
sn90052270,The Dublin post.,Dublin,Laurens,1878,1894,280,1878-06-20,1887-06-15,yes
2023239319,Dunwoody reporter.,Dunwoody,DeKalb,2000,9999,0,,,no
sn90052120,DuPont Okefenokean.,DuPont,Clinch,1870,1999,2,1880-09-18,1880-10-23,yes
sn01211919,Burke's weekly for boys and girls.,Macon,Bibb,1867,1870,178,1867-07-06,1870-12-17,yes
sn85034007,Early County news.,Blakely,Early,1859,9999,1285,1863-11-04,1925-12-31,yes
sn85034047,The Eastman times.,Eastman,Dodge,1873,1888,534,1873-01-31,1887-05-19,yes
sn88054152,The Eatonton messenger.,Eatonton,Putnam,1800,9999,0,,,no
sn90052114,Echols echo.,Statenville,Echols,1915,1999,1,1916-06-08,1916-06-08,yes
sn89053934,The Elberton gazette.,Elberton,Elbert,1866,1872,2,1866-07-14,1869-06-25,yes
sn89053936,The Elberton star.,Elberton,Elbert,1891,1981,0,,,no
sn11847755,The Ellijay courier.,Ellijay,Gilmer,1000,1915,19,1907-04-18,1915-11-18,yes
sn85027055,The Ellijay courier.,,Fannin,1875,1899,190,1876-02-16,1892-04-14,yes
2008233489,The Ellijay times.,Ellijay,Gilmer,1000,1915,17,1912-02-21,1915-06-09,yes
sn89053492,The Emerson news.,Emerson,Bartow,1897,1999,0,,,no
sn91074127,The Empire State.,Griffin,Spalding,1855,1899,40,1856-01-16,1859-07-20,yes
sn90052182,The enterprise-record.,Gibson,Glascock,1892,1892,2,1892-01-15,1892-06-17,yes
sn88054093,The enterprise.,Thomasville,Thomas,1860,1865,3,1865-07-12,1865-07-26,yes
sn89053082,The Enterprise.,Carnesville,Franklin,1890,1999,89,1890-01-06,1892-07-15,yes
sn89053256,The enterprise.,Covington,Newton,1905,9999,109,1905-09-01,1909-11-24,yes
sn90052237,The enterprise.,Pembroke,Bryan,1000,1999,110,1914-01-09,1923-04-13,yes
gua1189460,Bulletin,Savannah,Chatham,1958,1962,0,,,no
sn89053177,The evening call.,Griffin,Spalding,1899,1999,60,1899-03-27,1899-06-30,yes
sn01255518,The evening herald.,Atlanta,Fulton,1800,9999,1,1882-07-19,1882-07-19,yes
sn91099124,Evening journal.,Savannah,Chatham,1871,1899,1,1872-04-06,1872-04-06,yes
2013233081,The evening mirror.,Savannah,Chatham,1851,1899,1,1851-09-08,1851-09-08,yes
sn90052416,The evening post.,Brunswick,Glynn,1800,1899,49,1890-07-01,1890-08-27,yes
sn82014199,The Evening sentinel.,Augusta,Richmond,1878,1879,2,1878-10-02,1879-04-26,yes
sn83026607,The Examiner.,Covington,Newton,1865,1870,1,1866-05-02,1866-05-02,yes
2016227608,The Excelsior news.,Excelsior,Bulloch,1877,1899,1,1879-05-30,1879-05-30,yes
sn85034213,The Expositor.,Waynesboro,Burke,1870,1879,54,1872-09-07,1873-09-11,yes
sn91099132,"The Fair expositor, or Savannah morning news, Jr.",Savannah,Chatham,1873,1899,1,1873-01-03,1873-01-03,yes
sn89053477,The Fairburn gazette.,,Campbell,1871,1871,1,1871-05-05,1871-05-05,yes
sn89053475,The Fairburn sentinel.,,Campbell,1871,1872,10,1871-05-05,1872-03-01,yes
sn89053476,The Fairburn waif.,,Campbell,1872,1999,3,1872-06-14,1872-07-19,yes
sn89053847,Fannin County gazette.,Mineral Bluff,Fannin,1880,1999,0,,,no
2024239313,The farmer's friend : the official organ of the Burke County Alliance.,Waynesboro,Burke,1800,9999,0,,,no
sn89053860,The Farmers journal.,Homer,Banks,1888,1889,0,,,no
2023239339,Fayette County news.,Fayetteville,Fayette,2009,9999,0,,,no
2002233211,Fayette daily news.,Fayetteville,Fayette,1997,2009,0,,,no
sn89053529,The Fayetteville chronicle.,Fayetteville,Fayette,1886,1999,0,,,no
sn88084163,The Fayetteville news.,Fayetteville,Fayette,1800,9999,0,,,no
sn86053116,"Federal republican advocate, and commercial advertiser.",Savannah,Chatham,1807,1809,18,1807-10-05,1808-02-01,yes
sn85038488,Federal union.,Milledgeville,Baldwin,1865,1872,0,,,no
sn86053071,The federal union.,Milledgeville,Baldwin,1830,1861,0,,,no
sn89053962,The field and fireside.,Marietta,Cobb,1877,1899,95,1877-03-13,1879-08-28,yes
sn89053307,Fitzgerald enterprise.,Fitzgerald,Ben Hill,1895,1912,652,1897-01-15,1912-02-27,yes
sn89053308,Fitzgerald leader enterprise and press.,Fitzgerald,Ben Hill,1921,1964,404,1921-03-09,1927-05-26,yes
sn89053299,The Fitzgerald leader.,Fitzgerald,Ben Hill,1900,1912,106,1897-01-21,1912-02-27,yes
sn89053309,Fitzgerald leader.,Fitzgerald,Ben Hill,1921,1921,10,1921-03-08,1921-04-02,yes
sn85027025,Foreign correspondent & Georgia express.,Athens,Clarke,1809,1811,63,1809-07-22,1810-12-22,yes
sn85027059,The forest news.,Jefferson,Jackson,1875,1881,284,1875-06-12,1881-01-14,yes
sn89053528,The Forest Park free press and Clayton County news and farmer and the Forest Park news.,Forest Park,Clayton,1967,1969,0,,,no
sn89053527,The Forest Park free press and Clayton County news and farmer.,Forest Park,Clayton,1955,1967,0,,,no
sn89053525,The Forest Park news.,Forest Park,Clayton,1900,1967,0,,,no
2022203218,The Forest-blade.,Swainsboro,Emanuel,1996,9999,0,,,no
sn88054076,The Forest-blade.,Swainsboro,Emanuel,1903,1911,187,1903-12-31,1911-03-09,yes
sn84007709,The Forsyth County news.,Cumming,Forsyth,1900,9999,1152,1916-01-06,1959-07-30,yes
sn89053040,The Fort Gaines sentinel.,Fort Gaines,Clay,1895,1912,412,1895-02-15,1911-11-17,yes
sn89053038,The Fort Gaines tribune.,Fort Gaines,Clay,1870,9999,1,1883-01-12,1883-01-12,yes
sn89053988,Fort Gordon rambler.,,Columbia,1900,9999,0,,,no
sn89053644,The Fort Valley leader.,,Houston,1000,1999,15,1908-06-12,1908-12-25,yes
sn85027052,The Fort Valley mirror.,Fort Valley,Peach,1871,1889,13,1880-03-19,1881-03-25,yes
sn85027031,Franklin County register.,Carnesville,Franklin,1875,1899,94,1878-09-21,1888-12-18,yes
sn88061099,The free press.,Cartersville,Bartow,1878,1883,251,1878-08-22,1883-12-27,yes
sn90052037,Free press.,Savannah,Chatham,1876,1899,1,1876-03-15,1876-03-15,yes
sn85034394,Freemen's standard.,Savannah,Chatham,1868,1899,1,1868-06-13,1868-06-13,yes
sn90052189,The Friend and monitor.,Washington,Wilkes,1815,1899,39,1815-01-13,1815-12-22,yes
sn89053686,A Friend of the family.,Savannah,Chatham,1849,1999,103,1849-03-01,1851-03-01,yes
sn90052012,The Future citizen.,Milledgeville,Baldwin,1914,9999,0,,,no
2025239510,GA voice.,Atlanta,Fulton,2010,9999,0,,,no
sn85034052,The Gainesville eagle.,Gainesville,Hall,1800,1947,443,1875-05-14,1914-09-24,yes
sn89053616,Gainesville news.,Gainesville,Hall,1902,1955,0,,,no
sn89053563,Gallaher's independent.,Quitman,Brooks,1874,1875,68,1874-01-31,1875-08-20,yes
sn82015427,Gate-city guardian.,Atlanta,Fulton,1861,1861,16,1861-02-12,1861-03-02,yes
sn83016194,The Gazette and land bulletin.,Tampa,Hillsborough,1896,1999,0,,,no
sn82014932,The gazette.,Elberton,Elbert,1872,1881,129,1873-01-22,1881-05-25,yes
sn90052362,The Gazette.,Sandersville,Washington,1874,1999,1,1874-09-22,1874-09-22,yes
sn88054125,Georgia & Carolina gazette.,Petersburg,Elbert,1805,1899,23,1805-06-15,1806-08-07,yes
sn86053070,Georgia Argus.,Milledgeville,Baldwin,1808,1816,0,,,no
sn86053103,The Georgia banner & sentinel.,Newnan,Coweta,1850,1899,3,1861-02-01,1861-05-17,yes
sn86053102,Georgia banner.,Newnan,Coweta,1840,1859,1,1856-04-18,1856-04-18,yes
sn90052131,The Georgia Baptist.,Augusta,Richmond,1880,1999,0,,,no
sn22193774,The Georgia bulletin,Atlanta,Fulton,1963,9999,0,,,no
sn90052337,Georgia Christian repertory.,Macon,Bibb,1831,1899,3,1831-12-15,1832-09-12,yes
sn89053059,Georgia citizen advertiser.,Macon,Bibb,1860,1999,1,1860-04-01,1860-04-01,yes
sn83026608,The Georgia citizen.,Macon,Bibb,1850,1860,516,1850-03-21,1860-03-29,yes
sn91074162,The Georgia citizen.,Macon,Bibb,1859,9999,1,1859-08-09,1859-08-09,yes
sn85034187,The Georgia clipper.,Warrenton,Warren,1860,1875,1,1860-03-15,1860-03-15,yes
sn01884505,The Georgia collegian.,Athens,Clarke,1870,9999,10,1870-03-05,1872-04-13,yes
sn90052030,The Georgia constitutionalist.,Augusta,Richmond,1832,1849,1534,1832-06-19,1846-12-31,yes
sn82015765,Georgia courier.,Augusta,Richmond,1826,1837,786,1830-05-06,1835-12-30,yes
sn90052343,The Georgia courier.,Albany,Dougherty,1852,1899,9,1853-12-24,1855-05-03,yes
sn91074149,The Georgia courier.,Lumpkin,Stewart,1800,9999,4,1853-03-04,1853-04-01,yes
sn89053617,The Georgia cracker.,Gainesville,Hall,1800,1902,0,,,no
sn89053863,The Georgia crusader.,Atlanta,Fulton,1861,1861,2,1861-11-07,1861-11-28,yes
sn84025808,The Georgia enterprise.,Covington,Newton,1865,1905,557,1865-11-09,1905-08-25,yes
sn86053126,The Georgia expositor.,Savannah,Chatham,1875,1879,2,1875-10-23,1875-10-30,yes
sn88054105,Georgia express.,Athens,Clarke,1808,1809,33,1808-08-06,1809-07-15,yes
sn88054107,Georgia express.,Athens,Clarke,1811,1813,62,1812-01-03,1813-08-13,yes
sn89053588,The Georgia farmer.,Statesboro,Bulloch,1800,1999,1,1892-02-18,1892-02-18,yes
sn82016264,The Georgia gazette.,Savannah,Chatham,1788,1802,217,1798-01-19,1802-10-28,yes
sn83016182,The Georgia gazette.,Savannah,Chatham,1763,1776,344,1763-04-07,1770-05-23,yes
sn90052192,The Georgia grange.,Atlanta,Fulton,1800,1882,12,1873-11-01,1877-07-14,yes
sn86053146,Georgia herald.,Thomaston,Upson,1869,1870,49,1869-12-09,1870-12-03,yes
sn85027070,Georgia home journal.,Greensboro,Greene,1873,1886,84,1877-06-22,1886-12-24,yes
sn90052372,Georgia Jeffersonian and Griffin gazette.,Griffin,Spalding,1800,1899,1,1842-07-09,1842-07-09,yes
sn85027065,The Georgia Jeffersonian.,Griffin,Spalding,1800,1899,64,1853-01-06,1854-12-14,yes
sn85038491,Georgia journal and messenger.,Macon,Bibb,1847,1869,1065,1847-04-15,1869-10-26,yes
sn82014251,The Georgia journal.,Milledgeville,Baldwin,1809,1847,0,,,no
sn86053119,The Georgia journal: and independent federal register.,Savannah,Chatham,1793,1799,22,1793-12-04,1794-02-19,yes
sn86077240,The Georgia literary and temperance crusader.,Atlanta,Fulton,1800,1861,1,1861-08-22,1861-08-22,yes
sn01529103,The Georgia major.,Atlanta,Fulton,1883,9999,1,1883-03-11,1883-03-11,yes
sn82014212,Georgia messenger.,Fort Hawkins,Bibb,1823,1847,1162,1823-11-12,1847-04-08,yes
sn89053160,The Georgia mirror.,Florence,Stewart,1838,1839,52,1838-04-02,1839-04-09,yes
sn86090949,"The Georgia pioneer, and retrenchment banner.",Cassville,Bartow,1835,1849,8,1835-07-13,1840-06-04,yes
sn89049030,The Georgia pioneer.,Cassville,Bartow,1840,1845,1,1841-04-02,1841-04-02,yes
sn91099158,Georgia platform.,Calhoun,Gordon,1850,1899,1,1858-09-09,1858-09-09,yes
sn89053115,The Georgia post.,Knoxville,Crawford,1900,9999,0,,,no
sn90052152,The Georgia record.,Atlanta,Fulton,1899,1999,12,1899-07-01,1900-06-02,yes
sn89053371,The Georgia register.,Talbotton,Talbot,1877,1899,112,1877-12-04,1883-03-27,yes
sn82014395,Georgia republican & state intelligencer.,Savannah,Chatham,1802,1805,202,1802-08-21,1805-12-31,yes
sn82014394,Georgia republican.,Savannah,Chatham,1806,1807,73,1806-01-03,1807-02-20,yes
sn84020084,"The Georgia state gazette, or, Independent register.",Augusta,Richmond,1786,1789,127,1786-10-14,1789-04-04,yes
sn82015108,Georgia statesman.,Milledgeville,Baldwin,1825,1827,21,1827-01-16,1827-06-04,yes
sn86053162,Georgia telegraph.,Macon,Bibb,1832,1835,170,1832-10-03,1835-12-31,yes
sn88084081,Georgia telegraph.,Macon,Bibb,1844,1858,755,1844-07-02,1858-09-14,yes
sn86077239,The Georgia temperance crusader.,Atlanta,Fulton,1858,1899,59,1858-01-07,1859-03-25,yes
sn86077123,Georgia times and state right's advocate.,Milledgeville,Baldwin,1833,1834,43,1833-03-20,1834-01-08,yes
2026233626,The Georgia volunteer.,Atlanta,Fulton,1974,9999,0,,,no
sn85034435,Georgia weekly constitutionalist.,Augusta,Richmond,1840,1859,6,1848-08-02,1850-09-18,yes
sn89053693,Georgia weekly opinion.,Atlanta,Fulton,1867,1868,0,,,no
sn85034222,Georgia weekly telegraph and Georgia journal & messenger.,Macon,Bibb,1869,1880,529,1869-11-26,1880-04-02,yes
sn89053328,"Georgia weekly telegraph, journal & messenger.",Macon,Bibb,1880,1889,128,1880-04-09,1882-09-22,yes
sn82006857,The Georgia weekly.,Greenville,Meriwether,1861,1869,21,1861-02-06,1861-07-17,yes
sn86053121,Georgian for the country.,Savannah,Chatham,1820,1822,0,,,no
sn83016086,The Georgian.,Savannah,Chatham,1818,1824,120,1819-06-08,1823-12-31,yes
sn83016087,The Georgian.,Savannah,Chatham,1829,1835,1341,1829-10-17,1835-12-24,yes
sn90052183,The Gibson record.,Gibson,Glascock,1891,1954,187,1902-04-04,1933-03-29,yes
2020233208,The Golden age.,,,1906,1915,0,,,no
sn89053232,The Grady County progress.,Cairo,Grady,1910,1999,0,,,no
sn89053165,The graphic.,LaGrange,Troup,1880,1909,4,1899-04-11,1900-07-17,yes
sn89053697,The Great Kennesaw route gazette.,Atlanta,Fulton,1886,1886,5,1886-01-01,1886-07-01,yes
sn89053157,The Greenesboro weekly gazette.,Greensboro,Greene,1858,1858,3,1858-12-11,1858-12-25,yes
sn85034053,The Greensboro herald.,Greensboro,Greene,1866,1886,627,1867-07-06,1884-06-27,yes
sn89053183,The Griffin daily news and sun.,Griffin,Spalding,1889,1924,5883,1889-05-26,1924-09-23,yes
sn83009936,Griffin daily news.,Griffin,Spalding,1924,9999,1013,1924-09-24,1927-12-31,yes
sn89053182,The Griffin daily news.,Griffin,Spalding,1881,1889,308,1888-01-03,1889-05-25,yes
sn90052010,The Griffin news.,Griffin,Spalding,1870,1876,2,1876-03-02,1876-05-11,yes
sn89053176,Griffin semi-weekly star.,Griffin,Spalding,1868,1879,15,1868-12-04,1872-07-02,yes
sn85034287,Griffin tri-weekly star.,Griffin,Spalding,1865,1868,10,1866-05-12,1868-09-23,yes
sn89053186,The Griffin weekly news and sun.,Griffin,Spalding,1889,1924,253,1903-02-20,1918-12-27,yes
sn89053639,The Gwinnett herald.,,Gwinnett,1885,1897,315,1885-01-13,1897-12-14,yes
sn89053673,Hale's weekly.,Conyers,Rockdale,1892,1895,29,1892-03-05,1895-02-20,yes
sn89053105,"The Hamilton journal, published semi-weekly.",Hamilton,Harris,1885,1887,108,1885-11-20,1887-08-05,yes
sn85027058,Hamilton journal.,Hamilton,Harris,1876,1885,359,1876-02-09,1885-11-17,yes
sn89053106,The Hamilton journal.,Hamilton,Harris,1887,1887,5,1887-08-12,1887-09-09,yes
sn89053108,The Hamilton journal.,Hamilton,Harris,1889,1920,706,1889-03-15,1920-03-05,yes
sn89053104,Hamilton visitor.,Hamilton,Harris,1874,1875,28,1874-11-13,1875-12-24,yes
sn85034069,The Hamilton weekly visitor.,Hamilton,Harris,1873,1874,38,1873-02-07,1874-10-23,yes
2019233473,Hancock weekly journal.,Sparta,Hancock,1868,9999,52,1869-06-04,1870-10-13,yes
sn89053999,Haralson banner.,Buchanan,Haralson,1884,1891,103,1884-02-16,1891-01-01,yes
sn89053862,The Harmony Grove echo.,Commerce,Jackson,1893,1897,0,,,no
sn86063031,Harris County enterprise.,Hamilton,Harris,1860,1865,5,1860-09-27,1864-09-23,yes
sn89053109,Harris County journal.,Hamilton,Harris,1920,9999,0,,,no
sn89053068,The Hartwell sun.,Hartwell,Hart,1879,9999,1694,1879-05-14,1925-09-25,yes
sn85034070,The Hawkinsville dispatch.,Hawkinsville,Pulaski,1866,1889,419,1867-01-03,1877-12-27,yes
sn90052001,Hazlehurst news.,Hazlehurst,Jeff Davis,1900,1999,675,1909-01-14,1929-12-26,yes
sn89053070,The headlight.,Gray,Jones,1889,1999,18,1889-03-09,1889-08-24,yes
2025239493,The Heard County citizen.,Franklin,Heard,1900,9999,4,1906-09-19,1906-11-07,yes
sn89053247,Henry County weekly and Henry County times.,McDonough,Henry,1891,1899,14,1891-05-08,1891-12-18,yes
sn89053243,The Henry County weekly.,Hampton,Henry,1876,1891,299,1879-02-21,1891-01-02,yes
sn89053246,The Henry County weekly.,McDonough,Henry,1800,1934,883,1892-04-01,1923-08-31,yes
sn89053456,The herald and advertiser.,Newnan,Coweta,1887,1909,0,,,no
sn89053224,The Herald-gazette.,Barnesville,Lamar,1981,9999,0,,,no
sn89053164,Herald-journal.,Greensboro,Greene,1889,9999,0,,,no
sn89077295,The herald.,Savannah,Chatham,1945,1997,0,,,no
sn90052421,The herald.,Waynesboro,Burke,1870,1899,0,,,no
sn24094799,Southern Baptist messenger.,Covington,Newton,1851,1862,19,1860-01-01,1862-04-15,yes
sn22185748,Southern cross.,Savannah,Chatham,1963,2021,741,2001-01-04,2021-02-25,yes
sn55181584,Hexagon,Elberton,Elbert,1900,9999,0,,,no
sn85054333,The Hickory nut and Upson vigil.,Thomaston,Upson,1833,1834,3,1833-10-02,1834-03-19,yes
sn89053512,The High Shoals messenger.,High Shoals,Oconee,1897,1999,1,1897-10-14,1897-10-14,yes
sn85034077,Hinesville gazette.,Hinesville,Liberty,1871,1893,5,1872-10-07,1876-07-17,yes
sn89053611,The Home journal.,Perry,Houston,1877,1889,0,,,no
sn89053613,The Home journal.,Perry,Houston,1901,1924,0,,,no
2026233599,The hornet.,Hapeville,Fulton,1900,1999,0,,,no
2020233201,Houston daily journal.,Perry,Houston,2006,9999,0,,,no
2020233204,Houston home journal.,Perry,Houston,2007,9999,0,,,no
sn85034093,The Houston home journal.,Perry,Houston,1870,1877,0,,,no
sn89053612,The Houston home journal.,Perry,Houston,1890,1900,0,,,no
sn89053614,Houston home journal.,Perry,Houston,1924,1994,0,,,no
sn99000076,Houston home journal.,Perry,Houston,1999,2006,0,,,no
sn94002550,Houston times-journal.,Perry,Houston,1994,1999,0,,,no
sn89054007,The Hustler of Rome.,Rome,Floyd,1891,1898,511,1894-03-22,1898-02-01,yes
2016233538,The ice berg.,Winterville,Clarke,1897,1999,0,,,no
sn86053104,The Independent blade.,Newnan,Coweta,1855,1899,8,1859-09-30,1861-05-17,yes
sn82014832,The Independent press.,Washington,Wilkes,1840,1999,2,1840-08-12,1840-09-30,yes
sn98063007,The independent press.,Eatonton,Putnam,1854,9999,50,1854-04-18,1855-04-07,yes
sn85038495,The Independent South.,Waynesboro,Burke,1860,1869,0,,,no
sn88054025,The independent South.,Forsyth,Monroe,1850,9999,0,,,no
sn89053564,The independent.,Quitman,Brooks,1873,1874,24,1873-06-21,1874-01-24,yes
sn90052119,The Industrial banner.,DuPont,Clinch,1892,1999,0,,,no
sn19730045,Inside Morehouse.,Atlanta,Fulton,2008,9999,0,,,no
sn89053486,The Irwin County news.,Sycamore,Irwin,1890,1999,50,1893-08-11,1897-02-19,yes
sn96069010,Irwinton bulletin.,Irwinton,Wilkinson,1894,1911,86,1907-04-12,1911-11-17,yes
sn90052427,The Islander.,St. Simons Island,Glynn,1972,9999,0,,,no
sn89053021,The Jackson argus.,Jackson,Butts,1890,1915,304,1894-03-22,1913-12-12,yes
sn89053006,The Jackson economist.,Winder,Barrow,1800,1999,61,1896-08-20,1900-12-27,yes
sn89053140,Jackson herald.,Jefferson,Jackson,1881,9999,2732,1881-02-25,1949-10-27,yes
sn89053015,The Jackson news.,Jackson,Butts,1881,9999,35,1882-01-04,1882-10-04,yes
sn89053022,The Jackson progress-argus.,Jackson,Butts,1915,9999,404,1915-07-09,1924-09-26,yes
sn89053016,The Jackson record.,Jackson,Butts,1800,1907,0,,,no
sn89053017,The Jacksonian.,Jackson,Butts,1907,1907,16,1907-04-12,1907-10-25,yes
sn89053223,Jasper news.,Jasper,Pickens,1885,9999,17,1885-02-07,1885-07-04,yes
sn90052176,Jefferson County banner.,Wadley,Jefferson,1890,1999,36,1898-01-07,1905-10-31,yes
sn85034080,The Jefferson news & farmer.,Louisville,Jefferson,1871,1875,182,1871-05-05,1875-06-03,yes
sn82014546,The Jeffersonian.,Atlanta,Fulton,1907,1917,323,1907-12-05,1917-08-30,yes
2023239313,The Jenkins County times.,Millen,Jenkins,2023,9999,0,,,no
sn89053980,The Jesup Georgian.,Jesup,Wayne,1800,1899,2,1875-04-17,1875-06-12,yes
sn87073057,The Jesup sentinel.,Jesup,Wayne,1876,1999,569,1877-02-28,1907-08-08,yes
sn36066993,The Jewish alliance.,Savannah,Chatham,1945,1949,17,1945-12-21,1949-09-01,yes
sn91074168,The Jewish tribune.,Atlanta,Fulton,1890,1999,1,1896-02-28,1896-02-28,yes
sn89053069,Jones County headlight.,Gray,Jones,1887,1889,43,1888-01-07,1888-12-15,yes
sn89053071,The Jones County news.,Gray,Jones,1895,9999,303,1895-02-07,1906-05-10,yes
sn89053107,The journal.,Hamilton,Harris,1887,1889,49,1887-09-23,1888-12-21,yes
sn01390033,The Kaleidoscope.,Atlanta,Fulton,1882,1899,1,1885-04-01,1885-04-01,yes
2026233598,The Kennesaw beacon.,Kennesaw,Cobb,1968,9999,0,,,no
sn89053698,The Kennesaw gazette.,Atlanta,Fulton,1886,1899,78,1886-08-01,1890-06-15,yes
sn79002835,The Kennesaw neighbor.,Kennesaw,Cobb,1900,9999,0,,,no
2020233306,The Kennesaw route gazette.,Atlanta,Fulton,1882,1899,1,1875-09-01,1875-09-01,yes
sn31718747,The Kernel.,Cochran,Bleckley,1930,9999,229,1930-11-26,1987-01-22,yes
sn96087391,Kind words for the Sunday school children.,Macon,Bibb,1872,1886,2,1877-07-15,1877-07-22,yes
sn89053497,The Kingston times.,Kingston,Bartow,1900,1999,1,1910-02-11,1910-02-11,yes
sn96069003,The Knoxville journal.,Knoxville,Crawford,1888,1899,67,1888-01-27,1889-12-18,yes
sn82014930,La Grange herald.,LaGrange,Troup,1843,1845,0,,,no
sn82015287,The La Grange reporter.,LaGrange,Troup,1840,1939,0,,,no
sn32943505,The labor herald,Savannah,Chatham,1000,1999,0,,,no
2025239495,Lake Oconee news.,Greensboro,Greene,1990,9999,0,,,no
sn89053821,Landmark banner & Cherokee Baptist.,Atlanta,Fulton,1859,1869,16,1859-10-05,1861-03-02,yes
sn89053504,The Lanier County news.,Milltown,Berrien,1920,9999,385,1920-08-12,1928-12-13,yes
2020233233,The Lawrenceville News,Lawrenceville,Gwinnett,1800,9999,1,1861-11-20,1861-11-20,yes
sn89053638,The Lawrenceville news.,,Gwinnett,1893,1897,8,1894-07-27,1897-11-19,yes
sn90052074,The Leader Fort Valley.,,Houston,1889,1999,1,1891-01-08,1891-01-08,yes
sn89053305,The Leader-enterprise and Fitzgerald press.,Fitzgerald,Ben Hill,1915,1915,7,1915-11-10,1915-11-22,yes
sn85038489,The leader-enterprise.,Fitzgerald,Ben Hill,1912,1915,345,1912-04-19,1915-11-08,yes
sn89053645,The Leader-tribune and peachland journal.,,Houston,1900,1929,260,1920-01-01,1924-09-18,yes
sn84007013,The leader-tribune.,Fort Valley,Peach,1920,9999,53,1925-01-01,1925-12-31,yes
sn89053337,The Lee County journal.,Leesburg,Lee,1904,1999,638,1904-05-06,1923-12-28,yes
sn88054072,The Lee County ledger.,Leesburg,Lee,1978,9999,0,,,no
sn90052154,The Lincoln home journal.,Lincolnton,Lincoln,1890,1999,93,1898-01-06,1902-11-27,yes
sn90052031,The Lincolnton news.,Lincolnton,Lincoln,1882,1999,209,1882-10-27,1890-12-19,yes
sn89053518,The Lithonia new era.,Lithonia,DeKalb,1880,1999,2,1890-10-28,1890-12-16,yes
sn89053719,The Living issues.,Atlanta,Fulton,1892,1899,2,1894-05-31,1894-07-05,yes
sn89053510,The looking glass.,Atlanta,Fulton,1894,9999,2,1894-04-07,1897-12-25,yes
sn86053063,The Louisville gazette and republican trumpet.,Louisville,Jefferson,1800,1809,139,1800-04-29,1807-12-11,yes
sn86053066,The Louisville gazette.,Louisville,Jefferson,1860,1861,1,1861-02-06,1861-02-06,yes
sn89053943,The Louisville gazette.,Louisville,Jefferson,1799,1800,64,1799-01-22,1800-04-22,yes
sn82016224,The loyal Georgian.,Augusta,Richmond,1866,1867,0,,,no
sn89053288,The Ludowici news.,Ludowici,Long,1922,9999,0,,,no
sn89053484,The Lumpkin independent.,Lumpkin,Stewart,1872,1924,580,1883-09-01,1902-10-04,yes
2020233231,The Lumpkin palladium.,Lumpkin,Stewart,1860,9999,1,1860-12-15,1860-12-15,yes
sn89053334,The Lyons progress.,Lyons,Toombs,1900,1991,224,1905-08-18,1922-12-28,yes
sn89053327,The Macon advertiser and agricultural and mercantile intelligencer.,Macon,Bibb,1831,1832,133,1831-04-19,1832-10-27,yes
sn82016265,The Macon advertiser.,Macon,Bibb,1832,1832,12,1832-11-08,1832-12-28,yes
sn82014213,The Macon daily confederate.,Macon,Bibb,1863,1864,1,1864-06-14,1864-06-14,yes
sn85034220,Macon daily enterprise.,Macon,Bibb,1872,1873,175,1872-08-01,1873-04-13,yes
sn84031414,Macon daily journal and messenger.,Macon,Bibb,1865,1869,16,1865-09-13,1866-05-29,yes
sn82016437,The Macon daily telegraph.,Macon,Bibb,1860,1864,57,1860-05-09,1863-06-20,yes
sn84025794,The Macon daily telegraph.,Macon,Bibb,1865,1869,0,,,no
sn89053321,Macon daily telegraph.,Macon,Bibb,1905,1926,13,1908-12-19,1908-12-31,yes
sn86053163,Macon Georgia telegraph.,Macon,Bibb,1836,1844,443,1836-01-07,1844-06-25,yes
sn82015433,The Macon news.,Macon,Bibb,1890,1930,193,1898-01-01,1898-12-31,yes
sn83016188,The Macon sentinel.,Macon,Bibb,1899,1999,0,,,no
sn85038493,The Macon telegraph and messenger.,Macon,Bibb,1873,1889,1598,1873-10-09,1882-06-03,yes
sn82014386,Macon telegraph.,Macon,Bibb,1826,1832,313,1826-11-01,1832-09-25,yes
sn89053320,The Macon telegraph.,Macon,Bibb,1880,1905,1342,1894-07-01,1904-12-31,yes
sn92061762,Macon tri-weekly telegraph.,Macon,Bibb,1800,1899,4,1862-07-12,1863-05-07,yes
sn91074158,The Madison County journal.,Jefferson,Jackson,1989,9999,0,,,no
sn82014387,The Madison family visitor.,Madison,Morgan,1847,1864,43,1856-01-05,1856-12-06,yes
sn86053096,Madison home journal.,Madison,Morgan,1871,1879,5,1877-11-02,1878-11-23,yes
sn81298011,Spelman reflections.,Atlanta,Fulton,1956,1959,0,,,no
sn82015431,Marietta advocate.,Marietta,Cobb,1843,1899,51,1861-01-18,1863-05-22,yes
2020233248,The Marietta Helicon.,Marietta,Cobb,1800,9999,1,1847-06-17,1847-06-17,yes
sn89053964,The Marietta journal and courier.,Marietta,Cobb,1909,1918,339,1909-11-19,1918-11-08,yes
sn85034082,The Marietta journal.,Marietta,Cobb,1866,1909,1350,1868-09-18,1909-08-26,yes
sn89053963,The Marietta journal.,Marietta,Cobb,1918,1944,240,1918-11-15,1924-07-31,yes
2019233516,The Marietta semi-weekly advocate.,Marietta,Cobb,1861,9999,58,1861-03-15,1861-12-03,yes
sn49809884,The Maroon tiger.,Atlanta,Fulton,1900,9999,0,,,no
sn12070088,The Maroon.,Atlanta,Fulton,1996,9999,0,,,no
sn90052217,The McDuffie progress.,Thomson,McDuffie,1901,9999,662,1903-03-13,1924-09-26,yes
sn85034185,McDuffie weekly journal.,Thomson,McDuffie,1871,1909,332,1872-01-31,1902-11-15,yes
sn82014940,"The McIntosh County herald, and Darien commercial register.",Darien,McIntosh,1839,1840,50,1839-01-22,1840-02-04,yes
sn91046080,The Mercer Cluster.,Macon,Bibb,1920,9999,0,,,no
sn89053291,The Mercury.,Sandersville,Washington,1880,1999,379,1880-04-03,1887-11-15,yes
sn85034066,The Meriwether County vindicator.,Greenville,Meriwether,1872,1885,322,1873-01-24,1879-12-26,yes
sn89053325,The messenger.,Fort Hawkins,Bibb,1823,1823,32,1823-03-21,1823-11-05,yes
sn90052347,The Methodist advocate.,Atlanta,Fulton,1869,9999,17,1869-06-16,1878-06-12,yes
sn89053045,Metter advertiser.,Metter,Candler,1990,9999,0,,,no
2008233685,Mexico lindo.,Gainesville,Hall,1990,9999,0,,,no
sn89053020,The Middle Georgia argus.,Indian Springs,Butts,1800,1893,502,1881-01-27,1893-09-28,yes
sn90052162,Middle Georgia times.,Thomaston,Upson,1879,1886,0,,,no
sn89053180,The Middle Georgian.,Griffin,Spalding,1860,1872,1,1869-02-09,1869-02-09,yes
sn90052069,The Middle Georgian.,Jeffersonville,Twiggs,1925,9999,9,1925-06-25,1927-07-29,yes
2024239314,The Midville news.,Midville,Burke,1900,9999,0,,,no
sn83026609,Milledgeville intelligencer.,Milledgeville,Baldwin,1806,1816,0,,,no
sn89053569,The Milledgeville news.,Milledgeville,Baldwin,1901,1999,0,,,no
sn89053843,The Millen news.,Millen,Jenkins,1903,9999,4,1904-09-23,1942-11-19,yes
sn90052437,The Miller County liberal.,Colquitt,Miller,1897,9999,472,1907-04-17,1926-11-24,yes
2019233476,Miners recorder and spy in the west.,Auraria,Lumpkin,1800,9999,76,1834-03-29,1837-10-28,yes
sn86053002,Mirror of the times.,Augusta,Richmond,1808,1814,259,1808-10-24,1814-03-19,yes
2026233617,The mirror.,Augusta,Richmond,1969,9999,0,,,no
sn89053161,The mirror.,Florence,Stewart,1839,1840,52,1839-04-16,1840-04-11,yes
sn89053279,The missionary.,Mount Zion,Hancock,1819,1829,38,1821-02-02,1821-12-31,yes
sn83020902,The monitor.,Washington,Wilkes,1800,1815,119,1802-04-24,1815-01-06,yes
2020233235,The monochord.,Macon,Bibb,1880,9999,0,,,no
sn85034048,The Monroe advertiser.,Forsyth,Monroe,1856,1974,1541,1873-01-28,1930-12-25,yes
sn91074171,The Monroe advocate.,Monroe,Walton,1871,1879,1,1871-06-15,1871-06-15,yes
sn89053682,The Monroe County reporter.,Forsyth,Monroe,1972,9999,0,,,no
2025239511,The Monroe County/Macon reporter.,Forsyth,Monroe,2023,9999,0,,,no
sn89053231,The Montgomery monitor.,Mt. Vernon,Montgomery,1886,9999,1214,1886-04-29,1922-12-28,yes
sn90052025,Monthly herald.,Augusta,Richmond,1800,1899,1,1838-10-01,1838-10-01,yes
sn89053277,The Monticello news.,Monticello,Jasper,1903,9999,931,1903-09-11,1927-08-26,yes
sn89053952,The Morgan monitor.,Morgan,Calhoun,1896,9999,72,1897-01-29,1899-11-02,yes
sn90052058,Morganton news.,Morganton,Fannin,1891,1999,0,,,no
sn89053178,The morning call.,Griffin,Spalding,1800,1899,263,1898-01-01,1899-03-26,yes
sn82015880,The morning chronicle.,Savannah,Chatham,1817,1819,1,1818-12-07,1818-12-07,yes
sn86063034,The morning news.,Savannah,Chatham,1887,1900,2828,1887-04-14,1900-06-07,yes
2020233309,Motive.,Atlanta,Fulton,1890,9999,1,1896-10-03,1896-10-03,yes
sn89053651,The Moultrie observer.,Moultrie,Colquitt,1894,1937,0,,,no
sn82014934,The Mountain signal.,Dahlonega,Lumpkin,1839,1876,3,1861-09-21,1861-10-19,yes
sn90052179,Mundo Hispánico.,Atlanta,Fulton,1979,9999,0,,,no
sn89053489,Murray County gazette.,Spring Place,Murray,1870,1999,2,1879-05-21,1879-06-03,yes
sn89053500,The Murray news.,Spring Place,Murray,1896,1999,118,1897-07-30,1909-11-26,yes
sn85034030,"Muscogee democrat, and Mercantile advertiser.",Columbus,Muscogee,1844,1849,23,1847-03-18,1848-12-14,yes
sn90052356,Muscogee democrat.,Columbus,Muscogee,1840,1899,7,1849-05-17,1849-10-11,yes
sn01189580,The Mystic owls.,Atlanta,Fulton,1880,9999,1,1880-10-20,1880-10-20,yes
2015233625,Woman's work.,Athens,Clarke,1887,1999,19,1888-05-01,1909-05-01,yes
sn89053101,The Nahunta banner.,Nahunta,Brantley,1900,1925,202,1921-01-14,1925-04-30,yes
sn90052374,National American.,Atlanta,Fulton,1800,1861,1,1860-11-24,1860-11-24,yes
sn82015882,The National Republican.,Augusta,Richmond,1867,1868,291,1868-01-01,1868-12-31,yes
sn89053085,New era.,Dallas,Paulding,1890,1898,0,,,no
sn89053333,The new era.,Jeffersonville,Twiggs,1929,1929,2,1929-10-25,1929-11-08,yes
2019233509,The New South.,Douglasville,Douglas,0,9999,6,1891-06-30,1906-03-22,yes
sn81304580,The new Spelman spotlight.,Atlanta,Fulton,1980,1980,0,,,no
sn35051584,The new Western railway guide,Atlanta,Fulton,1880,1999,1,1887-11-01,1887-11-01,yes
sn89053721,New working world.,Atlanta,Fulton,1880,1999,1,1886-05-22,1886-05-22,yes
sn89053457,Newnan herald & advertiser.,Newnan,Coweta,1909,1915,0,,,no
sn85034085,The Newnan herald.,Newnan,Coweta,1865,1887,0,,,no
sn89053461,The Newnan herald.,Newnan,Coweta,1915,1947,0,,,no
sn89053459,The Newnan news.,Newnan,Coweta,1906,1915,0,,,no
sn89053458,The Newnan weekly news.,Newnan,Coweta,1890,1906,0,,,no
sn82014831,News & planters' gazette.,Washington,Wilkes,1840,1844,201,1840-09-03,1844-12-05,yes
2015229352,The News : a publication of the Atlanta Gay Center.,Atlanta,Fulton,1984,1999,0,,,no
sn89053282,The News and banner.,Franklin,Heard,1800,9999,1211,1894-03-30,1928-12-07,yes
sn88054135,The News and courant.,Cartersville,Bartow,1901,1904,87,1901-08-08,1904-10-06,yes
sn90052178,The News and farmer and Wadley herald.,Louisville,Jefferson,1967,1988,0,,,no
sn86053065,The News and farmer.,Louisville,Jefferson,1875,1967,1412,1875-07-22,1923-09-27,yes
sn89053637,The News-herald.,Lawrenceville,Gwinnett,1898,1965,1537,1899-01-06,1924-08-28,yes
sn88054028,The news-review.,Augusta,Richmond,1971,1972,0,,,no
sn86053159,The news.,Washington,Wilkes,1816,1821,20,1816-04-05,1820-12-29,yes
sn88054136,The news.,Cartersville,Bartow,1901,1901,0,,,no
sn90052258,The news.,Washington,Wilkes,1833,1840,9,1833-04-25,1840-08-06,yes
2019233478,The Norcross advance.,Norcross,Gwinnett,1800,9999,19,1873-07-11,1874-01-14,yes
sn90052280,North Cobb news.,Acworth,Cobb,1900,1968,0,,,no
2024239306,The North Georgia alliance news.,Douglasville,Douglas,1880,9999,0,,,no
sn85034046,North Georgia citizen.,Dalton,Whitfield,1868,1924,0,,,no
2020233226,North Georgia times.,Dalton,Whitfield,1800,1868,2,1860-11-22,1863-05-08,yes
sn87090007,North Georgia times.,Spring Place,Murray,1879,1891,170,1881-10-19,1891-05-28,yes
sn88054080,North Georgia tribune.,Canton,Cherokee,1934,1973,0,,,no
sn86090954,The North Georgian.,Bellton,Banks,1877,1899,114,1878-09-24,1883-08-09,yes
sn89053931,The North Georgian.,Cumming,Forsyth,1800,1999,151,1907-10-04,1923-12-07,yes
sn90052351,The North-east Georgian.,Clarkesville,Habersham,1857,1899,1,1857-12-23,1857-12-23,yes
sn85033989,The Northeast Georgian.,Athens,Clarke,1872,1875,153,1872-09-27,1875-09-08,yes
sn90052354,The Northeastern progress.,Commerce,Jackson,1878,1899,1,1878-09-18,1878-09-18,yes
sn89053664,Ocilla dispatch.,Ocilla,Irwin,1899,1999,42,1899-03-17,1901-01-25,yes
sn89053667,The Oconee enterprise.,Watkinsville,Oconee,1887,9999,208,1887-05-06,1928-12-07,yes
sn85027057,The Oglethorpe echo.,Crawford,Oglethorpe,1874,9999,1001,1874-10-09,1903-12-25,yes
sn89053124,The Omega news and the Lenox leader.,Lenox,Cook,1980,1982,0,,,no
sn96069006,Omega news.,Omega,Tift,1939,1980,0,,,no
sn90052353,The organ.,Hamilton,Harris,1852,1899,17,1854-02-15,1856-07-05,yes
sn90052081,The Orthodox democrat.,Barnesville,Lamar,1885,1999,0,,,no
sn90052038,The Pacificator.,Augusta,Richmond,1864,1865,5,1864-10-08,1865-06-24,yes
sn89053454,The Palladium.,Newnan,Coweta,1835,1899,3,1835-09-26,1836-04-14,yes
sn89053478,The Palmetto gazette.,,Campbell,1871,1999,2,1871-11-04,1872-03-02,yes
sn85034092,The Palmetto shield.,Palmetto,Fulton,1872,1873,17,1873-02-07,1873-09-05,yes
sn39098424,The Panther.,Atlanta,Fulton,1900,1989,0,,,no
sn91099137,The Patriot and commercial advertiser.,Savannah,Chatham,1806,1807,58,1806-10-27,1807-07-20,yes
sn91074119,Paulding County record.,Dallas,Paulding,1875,1999,2,1875-02-25,1875-03-19,yes
sn87060335,The Paulding new era.,Dallas,Paulding,1882,1899,0,,,no
sn90052138,Pearson tribune.,Pearson,Atkinson,1910,1955,273,1917-05-25,1922-12-29,yes
sn90052250,The Pelham journal.,Pelham,Mitchell,1902,9999,553,1908-06-12,1924-08-22,yes
sn90052234,The Pembroke journal and Bryan Countian.,Pembroke,Bryan,1968,1969,0,,,no
sn90052233,The Pembroke journal and the Bryan County enterprise.,Pembroke,Bryan,1927,1928,3,1927-09-09,1928-03-02,yes
sn89053495,The Pembroke journal.,Pembroke,Bryan,1928,1967,0,,,no
sn90052235,The Pembroke journal.,Pembroke,Bryan,1969,1976,0,,,no
sn91099136,The Penny local.,Savannah,Chatham,1800,1899,1,1884-03-27,1884-03-27,yes
sn89053089,The People's advocate.,,Greene,1892,1893,8,1893-07-27,1893-09-29,yes
sn85034098,People's friend.,Rome,Floyd,1873,1899,12,1873-02-01,1873-08-30,yes
sn83016235,The People's party paper.,Atlanta,Fulton,1891,1898,0,,,no
sn89053220,The Pickens County herald.,Jasper,Pickens,1887,9999,86,1888-02-02,1899-07-12,yes
sn89053221,Pickens County progress.,Jasper,Pickens,1899,9999,261,1899-10-13,1926-03-25,yes
sn89053218,The Piedmont Republican.,Jasper,Pickens,1890,1893,0,,,no
sn89053260,Pike County journal and reporter.,Zebulon,Pike,1980,9999,0,,,no
sn90052077,Pike County journal.,Zebulon,Pike,1888,1904,312,1888-11-20,1902-04-11,yes
sn01189550,The Pilgrim's banner.,Valdosta,Lowndes,1893,1918,19,1895-02-15,1896-12-15,yes
sn88054077,The Pine forest.,Swainsboro,Emanuel,1000,1903,64,1901-02-28,1903-09-18,yes
sn85027044,The Planters' advocate.,Cartersville,Bartow,1875,1879,2,1875-11-22,1875-11-29,yes
sn89053159,Planters' weekly.,Greensboro,Greene,1850,1899,42,1860-01-04,1861-04-03,yes
sn88054150,The Post-search light.,Bainbridge,Decatur,1915,9999,0,,,no
10021978,"The Presbyterian of the South : [combining the] Southwestern Presbyterian, Central Presbyterian, Southern Presbyterian.",Atlanta,Fulton,1909,1931,0,,,no
sn89053508,The progressive era.,Athens,Clarke,1899,9999,0,,,no
sn86053117,Public intelligencer.,Savannah,Chatham,1807,1809,149,1807-05-30,1809-02-03,yes
sn85034094,The Quitman banner.,Quitman,Brooks,1866,1879,173,1866-06-01,1873-12-04,yes
sn86053107,The Quitman reporter.,Quitman,Brooks,1874,1899,82,1874-02-26,1880-06-10,yes
sn90052148,The Reason.,Savannah,Chatham,1908,1999,9,1908-04-23,1908-07-11,yes
sn90052207,The record.,Wrightsville,Johnson,1800,1999,41,1897-07-20,1900-11-16,yes
gua1179162,The Red and Black,Athens,Clarke,1893,9999,228,1894-03-24,1922-12-15,yes
sn83016236,The reflector.,Milledgeville,Baldwin,1817,1819,0,,,no
sn89053003,The Reform world.,Winder,Barrow,1890,9999,1,1896-09-30,1896-09-30,yes
2014233618,Regimental mirror.,Fort Benning,Chattahoochee,1943,1949,10,1944-03-09,1944-05-18,yes
sn89053315,The republic.,Macon,Bibb,1844,1845,26,1844-10-19,1845-04-16,yes
sn82014388,The Republican ; and Savannah evening ledger.,Savannah,Chatham,1807,1816,166,1807-03-10,1808-10-04,yes
sn87073052,The Republican herald.,Columbus,Muscogee,1836,1899,1,1836-03-15,1836-03-15,yes
sn91074111,Republican sentinel.,Rome,Floyd,1843,1899,1,1844-03-23,1844-03-23,yes
sn87090003,Richards' weekly gazette.,Athens,Clarke,1849,1850,50,1849-05-05,1850-04-27,yes
sn89053669,The Rockdale banner.,Conyers,Rockdale,1888,1900,210,1888-10-12,1900-07-18,yes
sn89053741,The Rockdale record.,Conyers,Rockdale,1928,1930,26,1929-07-10,1930-01-03,yes
sn85027040,Rockdale register.,Conyers,Rockdale,1874,1877,56,1876-01-06,1877-02-08,yes
2020233249,The Rome courier and southern statesman.,Rome,Floyd,1857,1859,1,1859-01-19,1859-01-19,yes
sn86053108,Rome courier.,Rome,Floyd,1849,1899,0,,,no
sn89054006,The Rome hustler-commercial.,Rome,Floyd,1800,9999,135,1898-04-05,1899-01-13,yes
sn85034101,The Rome tri-weekly commercial.,Rome,Floyd,1868,1899,1,1869-01-17,1869-01-17,yes
sn85034102,Rome tri-weekly courier.,Rome,Floyd,1860,1881,0,,,no
2002233213,The Rome tribune.,Rome,Floyd,1887,1909,491,1894-03-22,1897-12-31,yes
sn89099204,The Rome tribune.,Rome,Floyd,1000,1909,0,,,no
sn82014071,The Rome weekly courier.,Rome,Floyd,1860,1887,0,,,no
sn83016191,The Royal Georgia gazette.,Savannah,Chatham,1779,1782,79,1779-02-11,1782-06-06,yes
sn89053121,Rural cabinet.,Warrenton,Warren,1828,1899,104,1828-05-31,1830-06-26,yes
2019233472,The rural southerner & plantation.,Atlanta,Fulton,1866,1899,3,1875-03-01,1875-05-01,yes
sn85034106,The Sandersville herald.,Sandersville,Washington,1872,1909,1195,1872-11-22,1908-09-04,yes
2023239320,Sandy Springs reporter.,Atlanta,Fulton,2007,9999,0,,,no
sn85034257,Savannah Abend Zeitung.,Savannah,Chatham,1871,1887,31,1872-02-21,1872-09-25,yes
gua1189480,The Savannah bulletin.,Savannah,Chatham,1958,1958,0,,,no
sn83026610,The Savannah courier.,Savannah,Chatham,1852,1859,1,1852-11-28,1852-11-28,yes
sn85034331,The Savannah daily advertiser.,Savannah,Chatham,1860,1873,4,1867-03-19,1872-05-10,yes
sn91074139,Savannah daily evening recorder.,Savannah,Chatham,1878,1899,496,1878-12-18,1881-10-13,yes
sn83016094,Savannah daily Georgian & journal.,Savannah,Chatham,1856,1856,79,1856-05-10,1856-08-13,yes
sn83016093,The Savannah daily Georgian.,Savannah,Chatham,1800,1856,532,1853-04-20,1856-04-06,yes
sn90052435,The Savannah daily Georgian.,Savannah,Chatham,1857,1899,4,1857-07-17,1858-08-04,yes
sn82014389,Savannah daily herald.,Savannah,Chatham,1865,1866,305,1865-01-02,1866-01-04,yes
sn91074126,The Savannah daily journal and courier.,Savannah,Chatham,1850,1859,2,1855-03-06,1855-03-21,yes
sn82014390,Savannah daily loyal Georgian.,Savannah,Chatham,1864,1864,4,1864-12-24,1864-12-28,yes
sn88074195,The Savannah daily morning news.,Savannah,Chatham,1868,1868,0,,,no
sn82015779,Savannah daily republican.,Savannah,Chatham,1818,1824,1051,1818-10-17,1824-06-05,yes
sn82015878,Savannah daily republican.,Savannah,Chatham,1840,1853,3715,1840-10-26,1853-11-14,yes
sn82015879,The Savannah daily republican.,Savannah,Chatham,1866,1873,6,1866-11-07,1868-10-18,yes
sn87062330,The Savannah daily republican.,Savannah,Chatham,1855,1858,1157,1855-02-12,1861-12-24,yes
sn90052134,The Savannah daily times.,Savannah,Chatham,1880,1999,140,1884-06-25,1886-09-01,yes
sn90052191,Savannah daily times.,Savannah,Chatham,1936,9999,86,1936-04-05,1936-07-22,yes
sn90052392,The Savannah evening journal.,Savannah,Chatham,1852,1859,65,1852-08-11,1853-11-03,yes
sn90052375,Savannah evening mirror.,Savannah,Chatham,1800,1899,3,1872-08-03,1872-12-11,yes
sn91099128,Savannah evening star.,Savannah,Chatham,1872,1899,2,1873-01-22,1873-02-03,yes
sn82014070,Savannah gazette.,Savannah,Chatham,1817,1817,2,1817-01-14,1817-01-28,yes
sn83016095,Savannah Georgian & journal.,Savannah,Chatham,1856,1856,116,1856-08-14,1856-12-31,yes
sn83016084,Savannah Georgian.,Savannah,Chatham,1824,1829,1049,1825-01-04,1829-10-01,yes
sn83016085,The Savannah Georgian.,Savannah,Chatham,1847,1899,511,1847-10-19,1849-08-11,yes
sn86053122,Savannah Georgian.,Savannah,Chatham,1822,1899,0,,,no
sn85034254,The Savannah journal.,Savannah,Chatham,1872,1873,3,1872-08-22,1872-11-14,yes
sn86053128,Savannah journal.,Savannah,Chatham,1851,1852,8,1852-08-02,1852-08-10,yes
sn82006816,Savannah Mercury.,Savannah,Chatham,1828,1829,1,1829-07-15,1829-07-15,yes
sn82015137,Savannah morning news.,Savannah,Chatham,1868,1887,5820,1869-01-01,1887-04-13,yes
sn89053684,The Savannah morning news.,Savannah,Chatham,1900,9999,925,1900-07-02,1904-12-31,yes
sn82014564,The Savannah museum.,Savannah,Chatham,1820,1822,170,1821-06-23,1822-10-03,yes
sn82014289,Savannah national republican.,Savannah,Chatham,1865,1866,0,,,no
sn89053683,The Savannah press.,,Chatham,1891,1931,1,1899-02-24,1899-02-24,yes
sn82015877,Savannah republican.,Savannah,Chatham,1816,1818,286,1816-06-18,1818-10-15,yes
sn85038496,The Savannah Republican.,Savannah,Chatham,1858,1865,357,1858-10-25,1865-10-20,yes
sn87062327,Savannah republican.,Savannah,Chatham,1824,1829,1321,1824-06-08,1829-10-17,yes
sn87062329,The Savannah republican.,Savannah,Chatham,1853,1855,39,1853-11-16,1855-02-10,yes
sn91099122,Savannah times.,Savannah,Chatham,1881,1889,1,1881-10-14,1881-10-14,yes
sn84020323,The Savannah tribune.,Savannah,Chatham,1876,1960,884,1943-10-14,1960-09-24,yes
sn95003657,The Savannah tribune.,Savannah,Chatham,1973,9999,0,,,no
sn83016195,Savannah weekly echo.,Savannah,Chatham,1879,1884,0,,,no
2018233525,Savannah weekly news.,Savannah,Chatham,1894,1920,57,1894-06-14,1912-05-09,yes
sn85034396,The Savannah weekly news.,Savannah,Chatham,1868,1879,30,1875-08-14,1877-06-06,yes
sn85038498,The Savannah weekly Republican.,Savannah,Chatham,1854,1873,18,1862-05-10,1863-07-25,yes
sn89053215,Schley County enterprise.,Ellaville,Schley,1886,1999,133,1886-01-07,1888-12-13,yes
sn89053217,Schley County news.,Ellaville,Schley,1889,1939,280,1889-07-04,1900-12-27,yes
sn88054148,The Search light.,Bainbridge,Decatur,1800,1903,0,,,no
sn90052341,The Searchlight.,Savannah,Chatham,1906,1999,1,1906-05-05,1906-05-05,yes
sn88054128,Semi-weekly standard & express.,Cartersville,Bartow,1871,1871,3,1871-11-07,1871-11-14,yes
sn85027033,Semi-weekly Sumter Republican.,Americus,Sumter,1875,1889,104,1882-08-26,1883-09-22,yes
sn90052366,Semi-weekly true flag.,Rome,Floyd,1860,1899,2,1860-12-12,1861-05-18,yes
sn89053944,The sentinel.,Louisville,Jefferson,1820,1899,1,1820-06-08,1820-06-08,yes
2023239326,Silver streak.,Atlanta,Fulton,2023,9999,0,,,no
sn89071370,The soldier's friend.,Atlanta,Fulton,1863,1999,1,1863-01-24,1863-01-24,yes
sn89053672,The Solid South.,Conyers,Rockdale,1883,1892,74,1883-08-18,1892-02-27,yes
sn82014817,The Soperton news.,Soperton,Treutlen,1914,2020,371,1919-01-09,1928-12-07,yes
sn90052122,South Georgian.,,Montgomery,1870,1999,9,1879-06-06,1880-05-21,yes
sn89053284,The South western news.,Dawson,Terrell,1880,1889,79,1887-05-04,1888-12-19,yes
sn90052165,The South-west Georgian.,Oglethorpe,Macon,1851,1899,68,1851-05-08,1853-01-06,yes
sn90052358,South-western news.,Americus,Sumter,1850,1899,1,1856-08-06,1856-08-06,yes
sn89053609,The southeast Georgian.,Kingsland,Camden,1894,1996,13,1895-02-08,1932-11-10,yes
2019233475,The Southern agriculturist.,Savannah,Chatham,1868,9999,8,1872-04-01,1872-11-01,yes
sn89053723,The Southern alliance farmer.,Atlanta,Fulton,1800,1899,8,1889-11-29,1892-06-28,yes
sn82014069,Southern banner.,Athens,Clarke,1832,1872,1784,1832-03-20,1872-09-20,yes
sn88054110,Southern banner.,Athens,Clarke,1878,1879,83,1878-01-01,1879-11-25,yes
sn84020366,"Southern centinel, and gazette of the state.",Augusta,Richmond,1793,1999,3,1795-04-23,1796-03-10,yes
sn91099152,Southern Christian advocate.,Macon,Bibb,1800,1899,245,1866-01-05,1878-11-30,yes
sn82014677,Southern confederacy.,Macon,Bibb,1861,1865,479,1861-03-04,1864-07-09,yes
sn89053994,Southern courant.,Washington,Wilkes,1800,1899,1,1845-02-27,1845-02-27,yes
sn86053130,Southern cross.,Savannah,Chatham,1875,1877,2,1875-10-23,1876-03-25,yes
sn83002253,Southern cultivator.,Augusta,Richmond,1843,1889,4,1867-04-01,1870-12-01,yes
sn82014816,The Southern Democrat.,Oglethorpe,Macon,1851,1853,0,,,no
sn88054090,Southern enterprise.,Thomasville,Thomas,1800,1889,86,1860-04-04,1877-07-18,yes
sn88054091,Southern enterprise.,Thomasville,Thomas,1867,1867,101,1867-01-02,1867-12-20,yes
sn88054092,Southern enterprise.,Thomasville,Thomas,1865,1866,72,1865-08-02,1866-12-20,yes
2020233227,The Southern farm.,Atlanta,Fulton,1887,1893,0,,,no
sn87062317,Southern federal union.,Milledgeville,Baldwin,1861,1862,0,,,no
sn90065032,The Southern field and fireside.,Augusta,Richmond,1859,1864,78,1859-05-28,1864-04-30,yes
sn88054068,Southern Georgian.,Bainbridge,Decatur,1866,1869,3,1866-10-10,1869-01-27,yes
sn85027042,The southern herald.,Athens,Clarke,1850,1853,0,,,no
sn89053174,Southern herald.,Griffin,Spalding,1866,1866,12,1866-05-10,1866-08-23,yes
sn78003973,The Southern Israelite.,Atlanta,Fulton,1925,1986,0,,,no
sn85038499,The Southern literary companion.,Newnan,Coweta,1860,1869,6,1860-08-08,1865-05-17,yes
sn85034259,Southern literary gazette.,Athens,Clarke,1848,1849,50,1848-05-13,1849-04-28,yes
sn89053381,Southern literary gazette.,Charleston,,1850,1852,0,,,no
sn83016185,Southern miscellany.,Atlanta,Fulton,1842,1849,107,1842-04-05,1846-07-11,yes
sn82015876,The Southern museum.,Macon,Bibb,1848,1850,58,1848-12-02,1850-01-05,yes
sn03142440,Southern outdoors.,Atlanta,Fulton,1946,1963,0,,,no
sn86053118,The Southern patriot.,Savannah,Chatham,1804,1806,21,1806-01-28,1806-10-23,yes
sn89053314,The Southern post and literary aspirant.,Macon,Bibb,1837,1837,4,1837-09-09,1837-09-30,yes
sn89053313,Southern post.,Macon,Bibb,1837,1899,90,1837-12-02,1839-10-26,yes
sn88054065,The Southern record.,Toccoa,Habersham,1897,1901,33,1897-02-19,1898-12-22,yes
sn82016415,Southern recorder.,Milledgeville,Baldwin,1820,1872,0,,,no
sn89053837,The southern republic.,Augusta,Richmond,1860,1861,1,1861-02-05,1861-02-05,yes
sn59049440,Southern school news.,Nashville,Davidson,1954,1965,0,,,no
sn82015296,The Southern sentinel.,Columbus,Muscogee,1850,1899,155,1850-01-03,1852-12-30,yes
sn82015113,Southern spy.,Washington,Wilkes,1834,1899,8,1834-09-27,1838-10-30,yes
sn85027039,The southern statesman.,Calhoun,Gordon,1855,1899,1,1855-10-11,1855-10-11,yes
sn88054067,The Southern sun.,Bainbridge,Decatur,1869,1872,141,1869-02-11,1872-07-20,yes
sn85034174,Southern times & planter.,Sparta,Hancock,1870,1899,8,1874-02-07,1874-05-16,yes
sn83016186,The Southern tribune.,Macon,Bibb,1850,1851,58,1850-01-12,1851-02-22,yes
sn61311684,Southern voice.,Atlanta,Fulton,1988,2099,0,,,no
sn82014669,The Southern watchman.,Athens,Clarke,1854,1882,1092,1850-09-12,1882-03-30,yes
sn88054104,Southern weekly banner.,Athens,Clarke,1881,1882,21,1881-08-23,1882-03-14,yes
sn82015107,The southern Whig.,Athens,Clarke,1833,1850,523,1834-05-17,1850-09-05,yes
sn90052361,The Southern witness.,Monroe,Walton,1870,1899,7,1870-01-15,1871-04-27,yes
sn94058024,"Southern world : journal of industry for the farm, home and workshop.",Atlanta,Fulton,1882,1899,57,1882-02-01,1885-05-01,yes
sn88074817,The Southerner and commercial advertiser.,Rome,Floyd,1848,1899,1,1861-03-01,1861-03-01,yes
sn86053109,The Southerner.,Rome,Floyd,1849,1852,1,1850-11-14,1850-11-14,yes
sn90052371,The southerner.,Augusta,Richmond,1840,1899,1,1840-06-13,1840-06-13,yes
sn82015714,The Southron.,Milledgeville,Baldwin,1828,1899,0,,,no
sn85027069,The southron.,Gainesville,Hall,1875,1885,3,1876-06-27,1884-07-08,yes
sn89053039,The Southwest Georgian.,Fort Gaines,Clay,1912,1948,747,1912-02-16,1929-11-28,yes
sn86053111,The Sparta times and planter.,Sparta,Hancock,1860,1889,11,1874-05-30,1874-11-28,yes
sn79002954,The Speedy bee.,Jesup,Wayne,1972,9999,0,,,no
sn81304549,The Spelman spotlight.,Atlanta,Fulton,1957,1980,0,,,no
sn81306945,The Spotlight.,Atlanta,Fulton,1980,2019,0,,,no
sn89053503,Spring Place jimplecute.,Spring Place,Murray,1891,1999,121,1891-06-04,1903-09-14,yes
sn85034018,The standard and express.,Cartersville,Bartow,1871,1875,201,1871-12-21,1875-11-15,yes
sn82006817,Standard of union and free trade advocate.,Milledgeville,Baldwin,1833,1839,1,1834-04-26,1834-04-26,yes
sn87090009,Standard of union.,Milledgeville,Baldwin,1830,1899,189,1836-06-07,1840-04-21,yes
sn85027028,The standard.,Cassville,Bartow,1849,1864,0,,,no
sn02755947,The star daily news.,Milledgeville,Baldwin,0,9999,0,,,no
sn89053949,The Star of the south.,Elberton,Elbert,1859,1899,3,1860-08-02,1860-08-16,yes
2023239322,StarNews.,Carrollton,Carroll,2000,9999,0,,,no
sn89053749,State of Dade news.,Trenton,Dade,1891,1901,241,1891-05-08,1901-10-04,yes
sn88074827,State press.,Macon,Bibb,1857,1899,101,1857-10-22,1859-10-22,yes
sn91099119,State press.,Macon,Bibb,1859,1859,1,1859-06-23,1859-06-23,yes
sn89053586,The Statesboro eagle.,Statesboro,Bulloch,1884,1891,7,1889-05-23,1890-12-25,yes
sn89053592,Statesboro star.,Statesboro,Bulloch,1893,1901,2,1894-03-30,1899-12-13,yes
sn82015110,Statesman & patriot.,Milledgeville,Baldwin,1827,1830,0,,,no
sn90052059,Stillmore times.,Stillmore,Emanuel,1898,1999,0,,,no
sn86053145,The Summerville gazette.,Summerville,Chattooga,1874,1889,296,1875-06-10,1884-09-24,yes
sn89053933,The Summerville news.,Summerville,Chattooga,1896,9999,1007,1896-10-14,1937-04-01,yes
sn90052396,The Sun and Columbus daily enquirer.,Columbus,Muscogee,1874,1874,198,1874-01-09,1874-08-29,yes
sn90052395,The Sun and Columbus enquirer.,Columbus,Muscogee,1874,1874,6,1874-01-01,1874-01-08,yes
sn84024803,The Sun and Columbus weekly enquirer.,Columbus,Muscogee,1874,1879,1,1874-02-06,1874-02-06,yes
sn89053067,The Sun.,Hartwell,Hart,1876,1879,116,1877-01-10,1879-05-07,yes
sn86090958,The Sunday gazette.,Atlanta,Fulton,1878,1899,2,1878-10-06,1880-01-11,yes
sn90052363,Sunday phonograph.,Atlanta,Fulton,1878,1999,3,1879-08-17,1881-11-13,yes
sn87090456,The sunny South.,Atlanta,Fulton,1875,1907,886,1875-03-06,1907-05-11,yes
sn88054075,Swainsboro forest-blade.,Swainsboro,Emanuel,1911,1979,774,1911-03-16,1928-12-13,yes
sn89053370,The Sylvania telephone.,Sylvania,Screven,1879,9999,840,1879-12-23,1928-04-27,yes
2023239314,The Sylvania times.,Sylvania,Screven,2022,9999,0,,,no
sn84002096,The Sylvester local news.,Sylvester,Worth,1984,9999,0,,,no
sn85034176,The Talbotton standard.,Talbotton,Talbot,1870,1881,312,1872-07-25,1879-05-01,yes
sn89053579,Tattnall journal.,Reidsville,Tattnall,1800,2016,0,,,no
sn88054051,The Taylor County news and the Butler herald.,Butler,Taylor,1962,9999,1,1886-11-05,1886-11-05,yes
sn85034225,The telegraph and messenger.,Macon,Bibb,1869,1873,650,1871-07-01,1873-08-30,yes
sn90052067,The Telegraph.,Darien,McIntosh,1833,1899,4,1835-02-05,1835-04-02,yes
sn89053494,The Telfair enterprise.,McRae,Telfair,1887,9999,0,,,no
sn89053162,The temperance banner.,Penfield,Greene,1800,1856,194,1849-08-11,1855-12-22,yes
sn91099199,Temperance crusader.,Penfield,Greene,1856,1857,102,1856-01-12,1857-12-17,yes
sn96085069,The Baptist banner.,Cumming,Forsyth,1800,1999,2,1880-08-18,1880-10-20,yes
sn85034177,The Thomaston herald.,Thomaston,Upson,1870,1878,321,1870-12-10,1878-02-02,yes
sn89053349,The Thomaston times.,Thomaston,Upson,1886,1977,0,,,no
sn88054095,Thomasville times-enterprise and South Georgia progress.,Thomasville,Thomas,1904,1905,0,,,no
sn88054089,The Thomasville times-enterprise.,Thomasville,Thomas,1889,1904,0,,,no
sn85034183,The Thomasville times.,Thomasville,Thomas,1873,1889,0,,,no
sn85034184,The Thomson advertiser.,Thomson,McDuffie,1866,1874,11,1869-01-16,1871-03-25,yes
sn96030833,The thumb tack tribune.,Athens,Clarke,1900,1999,0,,,no
sn89053120,The Tifton gazette.,Tifton,Berrien,1891,1974,0,,,no
sn89053817,The Times & sentinel tri-weekly.,Columbus,Muscogee,1855,1858,544,1855-01-05,1858-08-28,yes
sn88074200,The Times and state's right advocate.,Milledgeville,Baldwin,1833,1833,9,1833-01-15,1833-03-13,yes
sn89053236,Times-courier.,Ellijay,Gilmer,1916,9999,52,1916-01-07,1924-12-19,yes
sn88054088,The Times-enterprise semi-weekly edition.,Thomasville,Thomas,1000,9999,0,,,no
sn89053057,The times-journal.,Eastman,Dodge,1888,1974,278,1889-05-24,1899-12-28,yes
sn89053203,The times-recorder.,Americus,Sumter,1891,1891,0,,,no
sn89053206,The times-recorder.,Americus,Sumter,1891,1891,0,,,no
sn86053125,The times.,Savannah,Chatham,1823,1829,3,1823-07-02,1823-07-16,yes
sn89053622,The times.,Gainesville,Hall,1972,9999,0,,,no
sn91099123,The times.,Savannah,Chatham,1880,1881,2,1880-08-09,1881-04-30,yes
sn88054060,The Toccoa news and Piedmont industrial journal.,Toccoa,Habersham,1889,1893,73,1889-05-18,1892-07-16,yes
sn88054059,Toccoa news.,Toccoa,Habersham,1800,1889,145,1880-03-20,1889-04-06,yes
sn88054061,The Toccoa news.,Toccoa,Habersham,1893,1896,18,1893-09-08,1896-02-13,yes
sn88054066,The Toccoa record.,Toccoa,Habersham,1901,1995,22,1901-03-08,1902-11-14,yes
sn88054064,The Toccoa times-news.,Toccoa,Habersham,1896,1897,11,1896-08-28,1897-02-05,yes
sn88054063,The Toccoa times.,Toccoa,Habersham,1894,1896,36,1894-10-19,1896-03-25,yes
sn91074167,Toombs County local.,Vidalia,Toombs,1909,9999,0,,,no
sn89053537,Trench and camp.,Augusta,Richmond,1917,1919,0,,,no
sn90052376,Tri weekly news and herald.,Savannah,Chatham,1866,1868,4,1867-06-17,1868-08-24,yes
sn85038504,Tri-weekly chronicle & sentinel.,Augusta,Richmond,1838,1877,489,1839-10-25,1875-04-27,yes
sn86053046,The Tri-weekly Columbus times.,Columbus,Muscogee,1850,1859,1,1851-07-16,1851-07-16,yes
sn90052019,Tri-weekly constitutionalist.,Augusta,Richmond,1800,1877,486,1850-06-09,1870-12-30,yes
sn87090466,The tri-weekly republic.,Augusta,Richmond,1848,1851,2,1849-03-23,1851-07-12,yes
sn90052024,The tri-weekly Republican.,Americus,Sumter,1868,1873,0,,,no
sn90052023,Tri-weekly Sumter Republican.,Americus,Sumter,1865,1867,108,1866-10-06,1867-08-27,yes
sn89053814,The Tri-weekly times and sentinel.,Columbus,Muscogee,1853,1854,142,1853-01-07,1853-12-09,yes
2004213143,Tribune & Georgian,St. Marys,Camden,2002,9999,0,,,no
sn91074114,The Tribune-of-Rome.,Rome,Floyd,1880,1999,0,,,no
sn89054001,The tribune.,Buchanan,Haralson,1897,1917,116,1898-04-08,1901-11-29,yes
sn89053289,The true citizen.,Waynesboro,Burke,1882,9999,1762,1882-04-28,1929-12-28,yes
sn91099135,The truth.,Savannah,Chatham,1892,1999,0,,,no
2025239509,Tucker reporter.,Tucker,DeKalb,2024,9999,0,,,no
sn89053574,Twice-a-week telegraph.,Macon,Bibb,1899,1999,20,1907-04-09,1907-07-16,yes
sn88054086,The Twiggs County Citizen.,Jeffersonville,Twiggs,1906,1925,449,1906-03-15,1925-01-01,yes
sn89053858,Twiggs County local.,Jeffersonville,Twiggs,1900,9999,1,1928-05-18,1928-05-18,yes
sn88054084,Twiggs County new era.,Jeffersonville,Twiggs,1929,9999,948,1929-12-06,1962-08-03,yes
sn88054085,The Twiggs herald.,Jeffersonville,Twiggs,1800,9999,104,1901-03-15,1905-11-17,yes
sn82015111,Union and recorder.,Milledgeville,Baldwin,1872,1886,0,,,no
sn89053811,Union recorder.,Milledgeville,Baldwin,1886,9999,0,,,no
gua1082039,University bumble bee.,Athens,Clarke,1889,1897,3,1889-06-19,1902-06-16,yes
sn01103037,University reporter;,Athens,Clarke,1800,9999,0,,,no
2023239333,Upson beacon.,Thomaston,Upson,2008,9999,0,,,no
sn89053350,Upson enterprise.,Thomaston,Upson,1878,1879,0,,,no
sn85034395,Upson pilot.,Thomaston,Upson,1858,1864,116,1858-12-02,1862-01-11,yes
sn86053149,The Valdosta times.,Valdosta,Lowndes,1874,1949,0,,,no
sn53254623,Veritas.,Athens,Clarke,1970,1970,0,,,no
sn89053358,The Vidalia advance.,Vidalia,Toombs,1900,1977,108,1904-05-20,1922-12-28,yes
sn88054082,The Vienna news.,Vienna,Dooly,1901,1975,0,,,no
sn88054123,The Vienna progress.,Vienna,Dooly,1800,9999,0,,,no
sn83016234,Voice of missions.,Atlanta,Fulton,1893,1900,0,,,no
sn89053365,The Voice of the people.,Cartersville,Bartow,1892,9999,0,,,no
sn90052175,The Wadley banner.,Wadley,Jefferson,1896,1899,1,1897-12-17,1897-12-17,yes
sn89053488,Walker County messenger.,LaFayette,Walker,1870,9999,1481,1880-09-16,1924-10-10,yes
sn91074170,The Walton casket.,Monroe,Walton,1871,1879,1,1871-11-02,1871-11-02,yes
sn91074169,The Walton journal.,Social Circle,Walton,1869,1879,3,1870-03-26,1871-04-08,yes
sn89053116,The Warm Springs advertiser.,Warm Springs,Meriwether,1930,1931,0,,,no
sn82014200,The Warm Springs mirror.,Warm Springs,Meriwether,1931,1954,0,,,no
sn85034211,The Washington gazette.,Washington,Wilkes,1866,1904,486,1866-04-27,1885-08-28,yes
sn90052259,The Washington news and miscellaneous advertiser.,Washington,Wilkes,1832,1833,2,1832-09-29,1833-01-26,yes
sn82014779,The Washington news.,Washington,Wilkes,1821,1839,92,1822-01-04,1831-05-07,yes
sn90052015,"The Washingtonian, or, Total abstinence advocate.",Augusta,Richmond,1842,1843,24,1842-06-11,1843-05-20,yes
sn89053666,The Watkinsville advance.,Watkinsville,Oconee,1880,1999,57,1880-03-10,1881-05-03,yes
sn90052331,Watson's weekly Jeffersonian.,Atlanta,Fulton,1907,1907,23,1907-04-11,1907-11-28,yes
sn89053270,Waycross evening herald.,Waycross,Ware,1890,1999,0,,,no
sn89053267,Waycross headlight.,,Charlton,1884,1999,0,,,no
sn89053264,The Waycross herald.,,Charlton,1800,1893,0,,,no
sn89053271,The Waycross journal.,Waycross,Ware,1895,1914,0,,,no
sn89053265,Waycross weekly herald.,Waycross,Ware,1893,1909,0,,,no
sn89053269,Waycross weekly herald.,Waycross,Ware,1908,1999,0,,,no
sn89053274,The Waycross weekly journal.,Waycross,Ware,1914,1999,0,,,no
sn89053976,Wayne County news.,Jesup,Wayne,1896,9999,181,1897-01-15,1910-12-01,yes
sn89053981,The Wayne triumph.,Jesup,Wayne,1875,9999,2,1875-09-11,1875-10-02,yes
sn86053152,The Waynesboro expositor.,Waynesboro,Burke,1870,1880,0,,,no
sn85034212,The Waynesboro news.,Waynesboro,Burke,1860,1899,0,,,no
sn89053387,Weekly advertiser-appeal.,Brunswick,Glynn,1880,1889,0,,,no
sn87090571,The weekly Atlanta intelligencer.,Atlanta,Fulton,1800,1861,1,1861-07-03,1861-07-03,yes
sn89053739,Weekly Atlanta intelligencer.,Atlanta,Fulton,1865,1899,213,1865-11-15,1871-04-26,yes
sn87090504,The weekly Augusta chronicle.,Augusta,Richmond,1892,1999,3,1893-08-16,1898-07-22,yes
sn88054101,The Weekly banner-watchman.,Athens,Clarke,1886,1889,141,1886-04-27,1889-06-11,yes
sn88054112,The weekly banner.,Athens,Clarke,1891,1921,964,1891-06-23,1921-07-29,yes
sn89053668,The weekly banner.,Conyers,Rockdale,1900,1901,33,1900-09-19,1901-06-12,yes
sn88054133,The Weekly Cartersville express.,Cartersville,Bartow,1800,1867,21,1866-04-03,1867-04-12,yes
sn89053543,Weekly Catoosa courier.,Ringgold,Catoosa,1872,1879,1,1872-05-10,1872-05-10,yes
sn82014778,The Weekly chronicle & constitutionalist.,Augusta,Richmond,1877,1889,171,1877-04-11,1883-09-26,yes
sn82014777,Weekly chronicle & sentinel.,Augusta,Richmond,1830,1864,1044,1838-11-30,1864-08-03,yes
sn90052045,Weekly chronicle & sentinel.,Augusta,Richmond,1866,1877,96,1874-10-14,1877-04-04,yes
sn89053029,The Weekly chronicle.,Fort Gaines,Clay,1891,9999,12,1891-05-08,1891-12-25,yes
sn84024802,Weekly Columbus enquirer.,Columbus,Muscogee,1861,1873,0,,,no
sn89054005,The weekly commercial.,Rome,Floyd,1874,1876,1,1874-09-23,1874-09-23,yes
sn84031635,The Weekly constitution.,Atlanta,Fulton,1868,1878,313,1869-01-19,1887-04-12,yes
sn89053705,The Weekly constitution.,Atlanta,Fulton,1881,1884,121,1881-09-13,1884-02-19,yes
sn87090503,Weekly constitutionalist.,Augusta,Richmond,1850,1877,438,1856-02-20,1877-03-07,yes
sn83016184,The weekly defiance.,Atlanta,Fulton,1881,1889,0,,,no
sn89053268,Weekly edition of the Waycross evening herald.,Waycross,Ware,1900,1908,0,,,no
sn89053229,The Weekly gazette.,Barnesville,Lamar,1868,1869,2,1868-11-19,1868-12-03,yes
sn91074160,Weekly Georgia citizen.,Macon,Bibb,1860,1861,1,1860-07-20,1860-07-20,yes
sn85034440,Weekly Georgia constitutionalist and republic.,Augusta,Richmond,1851,1859,46,1851-09-03,1855-11-21,yes
sn90052268,The weekly Georgia constitutionalist.,Augusta,Richmond,1850,1851,1,1851-07-09,1851-07-09,yes
sn86077235,Weekly Georgia telegraph.,Macon,Bibb,1858,1869,353,1858-09-21,1869-11-19,yes
2022239703,The weekly Georgian.,Atlanta,Fulton,1913,1999,13,1914-03-03,1914-06-30,yes
sn85040618,The Weekly Georgian.,Savannah,Chatham,1839,1849,110,1839-03-09,1841-04-10,yes
sn89053640,Weekly Gwinnett atlas.,,Gwinnett,1871,1871,9,1871-06-28,1871-08-23,yes
sn85034079,Weekly Gwinnett herald.,Lawrenceville,Gwinnett,1871,1885,566,1871-11-08,1885-01-06,yes
2008233694,The weekly independent south.,Waynesboro,Burke,1860,1863,1,1861-04-25,1861-04-25,yes
sn85038500,The Weekly intelligencer.,Atlanta,Fulton,1860,1865,12,1864-05-25,1865-09-20,yes
sn90052218,Weekly Jeffersonian.,Atlanta,Fulton,1906,1907,0,,,no
sn89053859,The Weekly journal.,Homer,Banks,1889,1999,32,1889-09-12,1890-05-01,yes
sn83027105,The weekly loyal Georgian.,Augusta,Richmond,1867,1868,3,1867-08-10,1868-02-15,yes
sn89053000,The weekly new era.,Atlanta,Fulton,1870,9999,29,1870-01-20,1872-01-07,yes
sn89053575,The Weekly news and advertiser.,Albany,Dougherty,1880,1999,0,,,no
sn82014202,Weekly news.,Savannah,Chatham,1870,1894,1,1881-05-14,1881-05-14,yes
sn90052188,The Weekly register.,Savannah,Chatham,1874,1899,2,1874-09-12,1875-08-21,yes
sn89053969,Weekly republic.,Augusta,Richmond,1848,1851,12,1849-05-23,1851-06-04,yes
sn90052036,The Weekly republican & discipline.,Atlanta,Fulton,1800,1899,7,1856-03-28,1856-06-13,yes
sn89053692,Weekly southern opinion.,Atlanta,Fulton,1868,1899,2,1868-05-12,1868-06-02,yes
2020233302,The weekly Southerner.,Rome,Floyd,1800,9999,1,1861-05-30,1861-05-30,yes
sn88054129,The Weekly standard & express.,Cartersville,Bartow,1871,1871,3,1871-11-23,1871-12-07,yes
sn91074135,The weekly star.,Douglasville,Douglas,1800,1899,59,1885-02-03,1887-04-26,yes
sn88054026,Weekly state rights' sentinel.,Augusta,Richmond,1834,1836,2,1836-09-02,1836-10-21,yes
sn85033988,The Weekly Sumter republican.,,Lee,1800,1889,0,,,no
sn84031643,The Weekly sun.,Atlanta,Fulton,1870,1872,108,1871-06-07,1873-06-24,yes
sn85034028,The weekly sun.,Columbus,Muscogee,1857,1873,449,1859-08-02,1873-12-30,yes
sn89053573,Weekly telegraph and messenger.,Macon,Bibb,1880,1885,85,1884-02-15,1885-10-02,yes
sn89053329,The weekly telegraph.,Macon,Bibb,1885,1899,320,1885-10-06,1895-06-03,yes
sn86053045,The Weekly times & sentinel.,Columbus,Muscogee,1850,1858,307,1853-01-11,1858-12-27,yes
sn88054096,Weekly times enterprise and South Georgia progress.,Thomasville,Thomas,1905,9999,0,,,no
sn89053210,Weekly times-recorder.,Americus,Sumter,1910,1917,0,,,no
2002233214,The weekly tribune.,Rome,Floyd,1887,1999,3,1894-05-24,1895-01-03,yes
sn90052013,Weekly true democrat.,Augusta,Richmond,1860,1899,1,1860-12-19,1860-12-19,yes
sn11890897,The West Georgian.,Carrollton,Carroll,1933,9999,0,,,no
sn90052360,The West Point observer.,West Point,Troup,1866,1899,1,1867-03-22,1867-03-22,yes
2019233510,The Western Georgian.,Rome,Floyd,1838,1899,26,1838-01-19,1838-11-06,yes
sn89053249,The Western herald.,Auraria,Lumpkin,1833,1999,54,1833-04-09,1834-05-09,yes
sn90052161,Wheeler county eagle.,Alamo,Wheeler,1913,9999,54,1913-05-23,1914-12-25,yes
sn90052035,The Wheeler herald.,Alamo,Wheeler,1912,1999,0,,,no
sn90052260,The Wilkes republican.,Washington,Wilkes,1850,1899,2,1857-06-19,1857-07-03,yes
sn89053820,Wilkinson County news.,Irwinton,Wilkinson,1922,2008,0,,,no
sn90052060,The Willacooche sun.,Willacoochee,Atkinson,1904,1939,2,1907-10-11,1907-11-29,yes
sn90052061,The Willacoochee record.,Willacoochee,Atkinson,1911,9999,1,1912-07-19,1912-07-19,yes
sn90052062,The Willacoochee times.,Willacoochee,Atkinson,1919,1939,2,1921-01-21,1930-03-14,yes
sn89053007,The Winder news and Barrow times.,Winder,Barrow,1921,1925,119,1921-03-03,1923-06-28,yes
sn89053008,The Winder news.,Winder,Barrow,1909,1921,342,1910-01-27,1921-02-24,yes
sn89053009,Winder weekly news.,Winder,Barrow,1800,1909,33,1908-04-16,1909-12-02,yes
sn89053966,The Wire-grass reporter.,Thomasville,Thomas,1857,9999,65,1857-10-06,1861-05-11,yes
sn90052116,The Wiregrass cracker.,Homerville,Clinch,1883,1999,1,1883-11-03,1883-11-03,yes
sn90052158,The Wiregrass farmer and stockman.,Ashburn,Turner,1900,1984,0,,,no
sn88054146,The wiregrass farmer.,Ashburn,Turner,1984,9999,0,,,no
sn54110460,The Wolverine observer.,Atlanta,Fulton,1936,2001,0,,,no
sn90052204,The Wrightsville recorder.,Wrightsville,Johnson,1880,1899,259,1880-05-22,1887-03-24,yes
sn90052065,The Young Harris news.,Young Harris,Towns,1800,1999,1,1900-06-21,1900-06-21,yes
sn04233872,Zebra magazine.,Athens,Clarke,1996,9999,0,,,no
